_id,isPb,wpm,acc,rawWpm,consistency,charStats,mode,mode2,quoteLength,restartCount,testDuration,afkDuration,incompleteTestSeconds,punctuation,numbers,language,funbox,difficulty,lazyMode,blindMode,bailedOut,tags,timestamp
69569374783db59f598f9b69,,52.4,95.62,52.4,68.94,262;0;0;0,time,60,-1,0,60,0,0,false,false,english,,normal,false,false,false,,1767281524000
69563aa7783db59f598cda72,,44,86.82,44,62.44,220;0;0;0,time,60,-1,0,60,0,0,false,false,english,,normal,false,false,false,,1767258791000
69563a5e783db59f598cd881,,49.6,93.7,49.6,58.16,248;0;0;0,time,60,-1,0,60.01,0,0,false,false,english,,normal,false,false,false,,1767258718000
694fd474783db59f595ce163,,50.4,92.7,50.4,63.95,252;0;0;0,time,60,-1,0,60,0,0,false,false,english,,normal,false,false,false,,1766839412000
694e1d7d783db59f594fde4c,,54.61,94.81,54.61,70.28,273;0;0;0,time,60,-1,0,59.99,0,0,false,false,english,,normal,false,false,false,,1766727037000
694d16e6783db59f5948831b,,52.61,93.95,52.61,68.22,263;0;0;0,time,60,-1,0,59.99,0,0,false,false,english,,normal,false,false,false,,1766659814000
69429bfe854566ecd90e0c70,,52.81,93.99,52.81,66.91,264;0;0;0,time,60,-1,0,59.99,0,0,false,false,english,,normal,false,false,false,,1765972990000
6940e442854566ecd9fc878f,,41.8,89.54,41.8,52.55,209;0;0;0,time,60,-1,0,59.99,0,0,false,false,english,,normal,false,false,false,,1765860418000
6940e356854566ecd9fc7f75,,49.81,95.04,49.81,69.57,249;0;0;0,time,60,-1,0,59.99,0,0,false,false,english,,normal,false,false,false,,1765860182000
6940252b854566ecd9f4bee1,,52,94.91,52,66.61,260;0;0;0,time,60,-1,0,59.99,0,0,false,false,english,,normal,false,false,false,,1765811499000
6937a8f3dd1047f205692e8d,,53.21,94.68,53.21,67.44,266;0;0;0,time,60,-1,0,59.99,0,0,false,false,english,,normal,false,false,false,,1765255411000
6936bd09dd1047f2055eeb96,,49.2,95.4,49.2,62.99,246;0;0;0,time,60,-1,0,60,0,0,false,false,english,,normal,false,false,false,,1765195017000
6936bcc6dd1047f2055ee8c3,,43,88,43,60.06,215;0;0;0,time,60,-1,0,60.01,0,0,false,false,english,,normal,false,false,false,,1765194950000
6932f81fdd1047f2053f177d,,50.21,91.04,50.81,63.01,251;2;0;0,time,60,-1,0,59.99,0,0,false,false,english,,normal,false,false,false,,1764947999000
6932f7d9dd1047f2053f1343,,48.2,91.76,48.2,62.1,241;0;0;0,time,60,-1,0,59.99,0,0,false,false,english,,normal,false,false,false,,1764947929000
6931a216097f65b36b51ddf4,,47.99,92.69,47.99,61.48,240;0;0;0,time,60,-1,0,60.01,0,0,false,false,english,,normal,false,false,false,,1764860438000
69314910097f65b36b4d9a23,,57,97.63,57.2,68,285;1;0;0,time,60,-1,0,60,1,0,false,false,english,,normal,false,false,false,,1764837648000
692bb925097f65b36b140a3f,,53.39,96.4,53.39,70.26,267;0;0;0,time,60,-1,0,60.01,0,0,false,false,english,,normal,false,false,false,,1764473125000
69259a4594e1249ab94389a8,,41.39,86.48,41.59,54.96,207;1;0;0,time,60,-1,0,60.01,0,0,false,false,english,,normal,false,false,false,,1764072005000
69259a0494e1249ab94386d3,,41.59,87.92,41.59,55.33,208;0;0;0,time,60,-1,0,60.01,0,0,false,false,english,,normal,false,false,false,,1764071940000
692599c194e1249ab943841f,,46.19,89.31,46.19,56.2,231;0;0;0,time,60,-1,0,60.01,0,0,false,false,english,,normal,false,false,false,,1764071873000
69200498d8e248a53b4d2bce,,50.39,92.31,50.39,55.83,252;0;0;0,time,60,-1,0,60.01,0,0,false,false,english,,normal,false,false,false,,1763706008000
691ca37fd8e248a53b26cc7d,,47.99,92.08,47.99,65.6,240;0;0;0,time,60,-1,0,60.01,0,0,false,false,english,,normal,false,false,false,,1763484543000
691ca33dd8e248a53b26c7b5,,50.59,94.05,50.59,64.39,253;0;0;0,time,60,-1,0,60.01,0,0,false,false,english,,normal,false,false,false,,1763484477000
691ca2fcd8e248a53b26c338,,48.99,92.86,48.99,66.71,245;0;0;0,time,60,-1,0,60.01,0,0,false,false,english,,normal,false,false,false,,1763484412000
691ca2b6d8e248a53b26be8d,,53.8,94.74,53.8,61.08,269;0;0;0,time,60,-1,0,60,0,0,false,false,english,,normal,false,false,false,,1763484342000
69189c0f73393afa8b80f6b1,,43.8,90.32,43.8,56.66,219;0;0;0,time,60,-1,0,60,0,0,false,false,english,,normal,false,false,false,,1763220495000
69189bcc73393afa8b80f3d4,,48.2,91.85,49,62.72,241;0;0;1,time,60,-1,0,60,0,0,false,false,english,,normal,false,false,false,,1763220428000
6908997b3ba5c30337ff2069,,46.19,90.98,46.19,66.56,231;0;0;0,time,60,-1,0,60.01,0,0,false,false,english,,normal,false,false,false,,1762171259000
690899383ba5c30337ff1de5,,44.99,89.64,44.99,59.91,225;0;0;0,time,60,-1,0,60.01,0,0,false,false,english,,normal,false,false,false,,1762171192000
690898f63ba5c30337ff1b4b,,37.59,84.82,37.59,50.5,188;0;0;0,time,60,-1,0,60.01,0,0,false,false,english,,normal,false,false,false,,1762171126000
690898b23ba5c30337ff18bc,,45.99,87.36,46.99,58.6,230;2;0;0,time,60,-1,0,60.01,0,0,false,false,english,,normal,false,false,false,,1762171058000
68fef97d58e46f71a95e6e92,,49.6,93.01,50.4,61.71,248;1;0;0,time,60,-1,0,60,0,0,false,false,english,,normal,false,false,false,,1761540477000
68fdad7058e46f71a9545b0a,,42.79,90.46,42.79,58.5,214;0;0;0,time,60,-1,0,60.01,1,0,false,false,english,,normal,false,false,false,,1761455472000
68ecc006c2c5004cd41d1f37,,47.6,91.25,47.6,61.82,238;0;0;0,time,60,-1,0,60,0,0,false,false,english,,normal,false,false,false,,1760346118000
68ecbfb9c2c5004cd41d1c78,,49.39,90.88,49.59,66.23,247;1;0;0,time,60,-1,0,60.01,0,0,false,false,english,,normal,false,false,false,,1760346041000
68eb99b5c2c5004cd413f10c,,47.19,90.6,48.19,61.97,236;1;0;0,time,60,-1,0,60.01,0,0,false,false,english,,normal,false,false,false,,1760270773000
68e885dac2c5004cd4fb8b18,,49.39,95.09,49.99,64.86,247;1;0;0,time,60,-1,0,60.01,0,0,false,false,english,,normal,false,false,false,,1760069082000
68e68d5bc2c5004cd4e88ebe,,35.79,81.33,35.79,53.21,179;0;0;0,time,60,-1,0,60.02,0,0,false,false,english,,normal,false,false,false,,1759939931000
68e68d0ac2c5004cd4e88a17,,47,92.25,47,62.44,235;0;0;0,time,60,-1,0,60,0,0,false,false,english,,normal,false,false,false,,1759939850000
68e68cc5c2c5004cd4e88602,,55.59,95.88,55.99,70.4,278;2;0;0,time,60,-1,0,60.01,0,0,false,false,english,,normal,false,false,false,,1759939781000
68e15015c2c5004cd4bacc6b,,53.38,94.72,53.38,64.48,267;0;0;0,time,60,-1,0,60.02,0,0,false,false,english,,normal,false,false,false,,1759596565000
68e14fcec2c5004cd4bac97b,,39.19,85.59,39.19,55.8,196;0;0;0,time,60,-1,0,60.01,0,0,false,false,english,,normal,false,false,false,,1759596494000
68e14f75c2c5004cd4bac5e6,,46.4,91.86,46.4,59.01,232;0;0;0,time,60,-1,0,60,0,0,false,false,english,,normal,false,false,false,,1759596405000
68d29019dcd5c426fe83ba0c,,46.8,89.51,48,62.77,234;1;0;0,time,60,-1,0,60.01,0,0,false,false,english,,normal,false,false,false,,1758629913000
68d24f74dcd5c426fe81597e,true,57.39,96.31,57.39,69.7,287;0;0;0,time,60,-1,0,60.01,0,0,false,false,english,,normal,false,false,false,,1758613364000
68d24f2cdcd5c426fe8156d4,,34.4,91.67,34.4,26.57,172;0;0;0,time,60,-1,0,60,12,0,false,false,english,,normal,false,false,false,,1758613292000
68cadc69dcd5c426fe403bd3,,39.79,87.5,39.79,55.64,199;0;0;0,time,60,-1,0,60.01,0,0,false,false,english,,normal,false,false,false,,1758125161000
68c23de0dcd5c426fef25c1e,,45.99,92.8,45.99,66.59,230;0;0;0,time,60,-1,0,60.01,0,0,false,false,english,,normal,false,false,false,,1757560288000
68b544c5eff67c4fdc69b140,,52.98,94.31,52.98,68.46,265;0;0;0,time,60,-1,0,60.02,0,0,false,false,english,,normal,false,false,false,,1756710085000
68b301cfeff67c4fdc5aa15d,,45.4,90.94,45.4,61.12,227;0;0;0,time,60,-1,0,60.01,0,0,false,false,english,,normal,false,false,false,,1756561871000
68b30183eff67c4fdc5a9ea8,,52.39,92.93,52.39,71.27,262;0;0;0,time,60,-1,0,60.01,0,0,false,false,english,,normal,false,false,false,,1756561795000
68af310c895ff374fc01185b,,47,91.95,48.6,63.46,235;3;0;0,time,60,-1,0,60.01,0,0,false,false,english,,normal,false,false,false,,1756311819000
68af30c9895ff374fc011514,,47,93.82,48,61.6,235;0;1;0,time,60,-1,0,60,0,0,false,false,english,,normal,false,false,false,,1756311753000
68abfc12895ff374fce452f8,,43.39,88.21,43.39,55.81,217;0;0;0,time,60,-1,0,60.01,0,0,false,false,english,,normal,false,false,false,,1756101650000
68abfbb9895ff374fce45078,,49.99,90.43,50.79,63.3,250;3;0;0,time,60,-1,0,60.01,0,0,false,false,english,,normal,false,false,false,,1756101561000
68abfb36895ff374fce44cbd,,47.79,90.64,47.79,63.45,239;0;0;0,time,60,-1,0,60.01,0,0,false,false,english,,normal,false,false,false,,1756101430000
68aa9cd3895ff374fcdb0db5,,36.79,84.3,37.39,60.69,184;2;0;0,time,60,-1,0,60.01,0,0,false,false,english,,normal,false,false,false,,1756011731000
68aa9c76895ff374fcdb0b9f,,45.39,92.37,45.39,60.47,227;0;0;0,time,60,-1,0,60.01,0,0,false,false,english,,normal,false,false,false,,1756011638000
68aa9c33895ff374fcdb0a23,,38.19,88.5,38.59,51.29,191;2;0;0,time,60,-1,0,60.01,0,0,false,false,english,,normal,false,false,false,,1756011571000
68aa7e7b895ff374fcda63c9,,41.19,88.94,41.19,57.49,206;0;0;0,time,60,-1,0,60.01,0,0,false,false,english,,normal,false,false,false,,1756003963000
68a1e6dd9b82a8cb33884445,,40.59,88.21,44.19,58.8,203;6;0;0,time,60,-1,0,60.01,0,0,false,false,english,,normal,false,false,false,,1755440861000
689b84fb4cec7cefb62f87d3,,35.39,89.11,35.79,60.55,177;1;0;0,time,60,-1,0,60.02,0,0,false,false,english,,normal,false,false,false,,1755022587000
689b84b74cec7cefb62f85ae,,39.59,90.05,39.59,57.54,198;0;0;0,time,60,-1,0,60.01,0,0,false,false,english,,normal,false,false,false,,1755022519000
689b84744cec7cefb62f8376,,45.4,93.17,45.4,59.51,227;0;0;0,time,60,-1,0,60,0,0,false,false,english,,normal,false,false,false,,1755022452000
6890d8c220ac094ae82dd50c,,38.8,95.61,38.8,54,194;0;0;0,time,60,-1,0,60.01,2,0,false,false,english,,normal,false,false,false,,1754323138000
6888574ddebff78a431a81ec,,40.4,88.56,41.4,56.28,202;1;0;0,time,60,-1,0,60,0,0,false,false,english,,normal,false,false,false,,1753765709000
6888570bdebff78a431a7f83,,43.39,91.43,43.39,57.78,217;0;0;0,time,60,-1,0,60.01,0,0,false,false,english,,normal,false,false,false,,1753765643000
688780a3debff78a4312e8dc,,48.39,94.92,48.39,68.02,242;0;0;0,time,60,-1,0,60.01,0,0,false,false,english,,normal,false,false,false,,1753710755000
688650a3debff78a43089a64,true,53.59,95.73,53.59,72.85,268;0;0;0,time,60,-1,0,60.01,0,0,false,false,english,,normal,false,false,false,,1753632931000
68751f457718545366f830cb,,46.59,94.05,46.59,59.06,233;0;0;0,time,60,-1,0,60.02,0,0,false,false,english,,normal,false,false,false,,1752506181000
6873d9017718545366ecf6d5,,46.39,94.72,46.39,64.47,232;0;0;0,time,60,-1,0,60.01,1,0,false,false,english,,normal,false,false,false,,1752422657000
6872bc7b7718545366e4982d,,41.59,90.99,41.59,54.93,208;0;0;0,time,60,-1,0,60.01,0,0,false,false,english,,normal,false,false,false,,1752349819000
686e02e27718545366baad7f,,40.2,87.5,40.2,51.82,201;0;0;0,time,60,-1,0,60,0,0,false,false,english,,normal,false,false,false,,1752040162000
686e01ff7718545366baa5a9,,50.4,94.05,50.4,60.86,252;0;0;0,time,60,-1,0,60,0,0,false,false,english,,normal,false,false,false,,1752039935000
686c01e77718545366a96a61,,47,91.92,47,59.69,235;0;0;0,time,60,-1,0,60,0,0,false,false,english,,normal,false,false,false,,1751908839000
686bd38f7718545366a732cd,,40.79,93.72,40.79,52.93,204;0;0;0,time,60,-1,0,60.01,2,0,false,false,english,,normal,false,false,false,,1751896975000
686bd3457718545366a72f2f,,40.59,88.46,40.59,60.38,203;0;0;0,time,60,-1,0,60.01,0,0,false,false,english,,normal,false,false,false,,1751896901000
686a7f3e77185453669c00f1,,44.79,92.24,44.79,65.87,224;0;0;0,time,60,-1,0,60.01,0,0,false,false,english,,normal,false,false,false,,1751809854000
686a15ca7718545366988dee,,36,83.87,36,48.87,180;0;0;0,time,60,-1,0,60,2,0,false,false,english,,normal,false,false,false,,1751782858000
686915177718545366918be1,,43.4,89.75,43.4,59.9,217;0;0;0,time,60,-1,0,60.01,0,0,false,false,english,,normal,false,false,false,,1751717143000
6866bb6d77185453667f47ee,,47.39,92.64,47.39,63.41,237;0;0;0,time,60,-1,0,60.01,0,0,false,false,english,,normal,false,false,false,,1751563117000
6863c5b1bd9e74d861199286,,44.79,91.06,44.79,66.77,224;0;0;0,time,60,-1,0,60.01,0,0,false,false,english,,normal,false,false,false,,1751369137000
6863c56ebd9e74d861198fce,,38.6,86.03,39.4,41.25,193;2;0;0,time,60,-1,0,60.01,5,0,false,false,english,,normal,false,false,false,,1751369070000
6861754a7bfbbdfc152604ae,,47.58,94.88,47.58,58.58,238;0;0;0,time,60,-1,0,60.02,0,0,false,false,english,,normal,false,false,false,,1751217482000
685ffe807bfbbdfc151aeeff,,43.79,92.08,43.79,59.2,219;0;0;0,time,60,-1,0,60.01,0,0,false,false,english,,normal,false,false,false,,1751121536000
685be01f0af9eada721e69ee,true,49.45,94.89,49.45,67.74,259;0;0;0,words,50,-1,0,62.85,0,0,false,false,english,,normal,false,false,false,,1750851615000
6856d6290af9eada72f2c0e0,,42,90.53,42,55.67,254;0;0;0,words,50,-1,0,72.57,0,0,false,false,english,,normal,false,false,false,,1750521385000
68558c5e0af9eada72e8b513,true,43.21,90.55,43.21,58.71,275;0;0;0,words,50,-1,0,76.37,0,0,false,false,english,,normal,false,false,false,,1750436958000
68558be50af9eada72e8af92,,28.77,84.81,28.77,34.15,200;0;0;0,quote,366,1,0,83.42,1,0,false,false,english,,normal,false,false,false,,1750436837000
68558b6d0af9eada72e8aa3b,true,50.7,91.67,50.7,56.64,219;0;0;0,custom,custom,-1,0,51.84,0,0,false,false,english,,normal,false,false,false,,1750436717000
68558b100af9eada72e8a639,,49.99,95.82,49.99,61.6,250;0;0;0,time,60,-1,0,60.01,0,0,false,false,english,,normal,false,false,false,,1750436624000
685425b30af9eada72dbc59d,,46.4,93.57,46.4,57.42,232;0;0;0,time,60,-1,0,60,1,0,false,false,english,,normal,false,false,false,,1750345139000
6852db5a0af9eada72cfe55f,,46,93.15,46,62.16,230;0;0;0,time,60,-1,0,60,0,0,false,false,english,,normal,false,false,false,,1750260570000
685162d60af9eada72c17f31,true,26.73,85.69,27.3,19.93,516;4;0;0,custom,custom,-1,0,231.67,40,0,false,false,english,,normal,false,false,false,,1750164182000
685160d40af9eada72c165ef,,41.19,87.39,41.19,53.81,103;0;0;0,time,30,-1,0,30.01,0,0,false,false,english,,normal,false,false,false,,1750163668000
685160a50af9eada72c163b0,,45.18,90.55,45.18,64.09,113;0;0;0,time,30,-1,0,30.01,0,0,false,false,english,,normal,false,false,false,,1750163621000
68515fd30af9eada72c15941,,48.79,96.85,48.79,68.2,244;0;0;0,time,60,-1,0,60.01,0,0,false,false,english,,normal,false,false,false,,1750163411000
68515f900af9eada72c155ee,,36,87.68,36,49.64,180;0;0;0,time,60,-1,0,60,1,0,false,false,english,,normal,false,false,false,,1750163344000
68515f460af9eada72c1527c,,32.4,85.64,33.2,46.4,162;0;0;1,time,60,-1,0,60,1,0,false,false,english,,normal,false,false,false,,1750163270000
68515f040af9eada72c14f64,,38,88.13,38.8,54.81,190;1;0;0,time,60,-1,0,60,1,0,false,false,english,,normal,false,false,false,,1750163204000
68515ebe0af9eada72c14c17,,44.2,89.96,44.2,59.51,221;0;0;0,time,60,-1,0,60,0,0,false,false,english,,normal,false,false,false,,1750163134000
684fb236cf421023cbb403b7,,42.6,90.2,42.6,54.39,213;0;0;0,time,60,-1,0,60.01,0,0,false,false,english,,normal,false,false,false,,1750053430000
684fb1eacf421023cbb400d9,,44.99,89.19,45.99,57.01,225;1;0;0,time,60,-1,0,60.01,0,0,false,false,english,,normal,false,false,false,,1750053354000
684af6f7cf421023cb8f0cbb,,38.99,88.39,38.99,54.74,195;0;0;0,time,60,-1,0,60.01,0,0,false,false,english,,normal,false,false,false,,1749743351000
684ad4c1cf421023cb8d54a6,,41.4,91.81,41.4,52.51,207;0;0;0,time,60,-1,0,60,0,0,false,false,english,,normal,false,false,false,,1749734593000
6849ad27cf421023cb82c105,,38.99,88.39,38.99,56.88,195;0;0;0,time,60,-1,0,60.02,0,0,false,false,english,,normal,false,false,false,,1749658919000
6849ace3cf421023cb82bd5c,,47.19,93.05,47.79,62.54,236;1;0;0,time,60,-1,0,60.01,0,0,false,false,english,,normal,false,false,false,,1749658851000
6847179dcf421023cb690f6e,,44.59,89.29,44.59,55.34,223;0;0;0,time,60,-1,0,60.01,0,0,false,false,english,,normal,false,false,false,,1749489565000
6847172bcf421023cb6909c6,,50,93.98,50,63.79,250;0;0;0,time,60,-1,0,60,0,0,false,false,english,,normal,false,false,false,,1749489451000
6845b237cf421023cb5c0e7e,,51.19,95.94,51.99,69.35,256;1;0;0,time,60,-1,0,60.01,0,0,false,false,english,,normal,false,false,false,,1749398071000
68445efccf421023cb51ba2e,,46.39,92.55,47.39,64.94,232;0;1;0,time,60,-1,0,60.01,0,0,false,false,english,,normal,false,false,false,,1749311228000
68427883cf421023cb40f30e,,48.6,93.85,48.6,66.13,243;0;0;0,time,60,-1,0,60,0,0,false,false,english,,normal,false,false,false,,1749186691000
6841d74ecf421023cb3bdd26,,48.99,95.37,48.99,66.57,245;0;0;0,time,60,-1,0,60.01,0,0,false,false,english,,normal,false,false,false,,1749145422000
68406f04cf421023cb2d5a78,,48,95.26,48.2,62.25,240;1;0;0,time,60,-1,0,60,0,0,false,false,english,,normal,false,false,false,,1749053188000
683fd63bcf421023cb264bd7,,45.6,94.31,45.6,63.1,228;0;0;0,time,60,-1,0,60,0,0,false,false,english,,normal,false,false,false,,1749014075000
683dad1ecf421023cb0ff11f,,41.39,91.81,41.39,59.55,207;0;0;0,time,60,-1,0,60.01,0,0,false,false,english,,normal,false,false,false,,1748872478000
68393956cf421023cbe7ba7d,,30.8,90.34,30.8,44.93,154;0;0;0,time,60,-1,0,60,1,0,false,false,english,,normal,false,false,false,,1748580694000
6835e99dcf421023cbc4f95b,,39.4,92.24,39.4,51.13,197;0;0;0,time,60,-1,0,60,1,0,false,false,english,,normal,false,false,false,,1748363677000
6834760fdf21a5c1daf13e31,,41.6,91.06,41.6,62.93,208;0;0;0,time,60,-1,0,60.01,0,0,false,false,english,,normal,false,false,false,,1748268559000
68275d2ddf21a5c1da6c5cef,,46.59,93.28,46.59,63.25,233;0;0;0,time,60,-1,0,60.02,0,0,false,false,english,,normal,false,false,false,,1747410221000
681e29d4df21a5c1da097ae4,,48.99,92.54,49.39,64.97,245;1;0;0,time,60,-1,0,60.02,0,0,false,false,english,,normal,false,false,false,,1746807252000
681da447df21a5c1da02d6e2,,42.8,92.41,42.8,53.97,214;0;0;0,time,60,-1,0,60,0,0,false,false,english,,normal,false,false,false,,1746773063000
6817441ff90991882ef1b311,,47.99,93.54,47.99,64.16,240;0;0;0,time,60,-1,0,60.01,0,0,false,false,english,,normal,false,false,false,,1746355231000
68170049f90991882eef6df2,,46.19,91.67,46.19,61.43,231;0;0;0,time,60,-1,0,60.01,0,0,false,false,english,,normal,false,false,false,,1746337865000
6814f819f90991882eddc26f,,45.99,93.12,45.99,61.33,230;0;0;0,time,60,-1,0,60.01,0,0,false,false,english,,normal,false,false,false,,1746204697000
681451c1f90991882ed5945a,,44.2,91.39,44.2,56.31,221;0;0;0,time,60,-1,0,60.01,0,0,false,false,english,,normal,false,false,false,,1746162113000
68135c44f90991882ec9d35d,,44.79,93.39,44.79,60.31,224;0;0;0,time,60,-1,0,60.01,0,0,false,false,english,,normal,false,false,false,,1746099267000
680dc3e748f68b9fff2661ed,,49.39,95.75,49.39,67.66,247;0;0;0,time,60,-1,0,60.01,0,0,false,false,english,,normal,false,false,false,,1745732583000
680bb137571a92858c98cf30,,43.19,90.83,43.19,64.07,216;0;0;0,time,60,-1,0,60.01,0,0,false,false,english,,normal,false,false,false,,1745596727000
6807198b571a92858c62997e,,45.59,93.6,46.59,66.59,228;1;0;0,time,60,-1,0,60.01,0,0,false,false,english,,normal,false,false,false,,1745295755000
6804b30e571a92858c4b0e23,,41.8,89.03,41.8,62.06,209;0;0;0,time,60,-1,0,60.01,0,0,false,false,english,,normal,false,false,false,,1745138446000
6803ad55571a92858c42d6b6,,43.99,91.02,43.99,60.46,220;0;0;0,time,60,-1,0,60.01,0,0,false,false,english,,normal,false,false,false,,1745071445000
6802930f571a92858c39ad38,,33.4,85.37,33.4,45.36,167;0;0;0,time,60,-1,0,60.01,1,0,false,false,english,,normal,false,false,false,,1744999183000
6801df39435c447d2b78d153,,44,91.7,44,61.32,220;0;0;0,time,60,-1,0,60,1,0,false,false,english,,normal,false,false,false,,1744953145000
680119bc435c447d2b70a301,,39.39,93.43,39.39,59.39,197;0;0;0,time,60,-1,0,60.01,0,0,false,false,english,,normal,false,false,false,,1744902588000
67ff415a435c447d2b5b4477,,41.99,91.42,41.99,58.48,210;0;0;0,time,60,-1,0,60.01,0,0,false,false,english,,normal,false,false,false,,1744781658000
67fe628a435c447d2b51079e,,47.59,93.75,47.59,59.24,238;0;0;0,time,60,-1,0,60.01,1,0,false,false,english,,normal,false,false,false,,1744724618000
67fd3df1435c447d2b44ec7e,,42.2,93.53,42.8,62.7,211;2;0;0,time,60,-1,0,60,0,0,false,false,english,,normal,false,false,false,,1744649713000
67fd3da7435c447d2b44e71b,,40,90.99,40,51.17,200;0;0;0,time,60,-1,0,60,0,0,false,false,english,,normal,false,false,false,,1744649639000
67fa9c1e2c70a16b7ed9b19e,,42.99,94.4,42.99,60.38,215;0;0;0,time,60,-1,0,60.01,0,0,false,false,english,,normal,false,false,false,,1744477214000
67fa47a82c70a16b7ed65abf,,44,94.04,44,61.5,220;0;0;0,time,60,-1,0,60.01,0,0,false,false,english,,normal,false,false,false,,1744455592000
67f9ff8e2c70a16b7ed3fa3d,,45.99,93.25,45.99,58.38,230;0;0;0,time,60,-1,0,60.01,0,0,false,false,english,,normal,false,false,false,,1744437134000
67f9ff3f2c70a16b7ed3f790,,36.99,92.61,36.99,56.84,185;0;0;0,time,60,-1,0,60.01,1,0,false,false,english,,normal,false,false,false,,1744437055000
67f9fd532c70a16b7ed3e8da,,49,93.89,49,63.57,245;0;0;0,time,60,-1,0,60.01,0,0,false,false,english,,normal,false,false,false,,1744436563000
67f9fcea2c70a16b7ed3e5c8,,37.79,91.16,37.79,42.35,189;0;0;0,time,60,-1,0,60.01,4,0,false,false,english,,normal,false,false,false,,1744436458000
67f9f7ab2c70a16b7ed3befd,,44.4,92.62,44.4,63.3,222;0;0;0,time,60,-1,0,60,0,0,false,false,english,,normal,false,false,false,,1744435115000
67f7487d2c70a16b7eb48145,,44.2,93.42,44.2,62.18,221;0;0;0,time,60,-1,0,60,0,0,false,false,english,,normal,false,false,false,,1744259197000
67f682662c70a16b7eab6172,,46.19,97.06,46.39,65.57,231;1;0;0,time,60,-1,0,60.01,0,0,false,false,english,,normal,false,false,false,,1744208486000
67f5f3572c70a16b7ea5073e,,38.59,90.32,38.59,49.36,193;0;0;0,time,60,-1,0,60.02,0,0,false,false,english,,normal,false,false,false,,1744171863000
67f48ac91b4e1d1a387f208c,,39.59,89.69,39.59,56.63,198;0;0;0,time,60,-1,0,60.01,1,0,false,false,english,,normal,false,false,false,,1744079561000
67f48a7e1b4e1d1a387f1db6,,43.79,94.89,43.79,63.22,219;0;0;0,time,60,-1,0,60.02,0,0,false,false,english,,normal,false,false,false,,1744079486000
67f3f7911b4e1d1a38786bfb,,45.99,95.85,45.99,63.79,230;0;0;0,time,60,-1,0,60.01,0,0,false,false,english,,normal,false,false,false,,1744041873000
67f3f6311b4e1d1a3878540b,,45.2,93.78,45.2,71.08,226;0;0;0,time,60,-1,0,60.01,0,0,false,false,english,,normal,false,false,false,,1744041521000
67f3e4261b4e1d1a38771577,,39.79,94.42,39.79,60.13,199;0;0;0,time,60,-1,0,60.01,0,0,false,false,english,,normal,false,false,false,,1744036902000
67f33a051b4e1d1a386f6467,,44.2,93.28,44.2,66.51,221;0;0;0,time,60,-1,0,60,0,0,false,false,english,,normal,false,false,false,,1743993349000
67f27d2f1b4e1d1a3868a0c5,,42.8,93.74,42.8,58.74,428;0;0;0,time,120,-1,0,120,1,0,false,false,english,,normal,false,false,false,,1743945007000
67f26d9c1b4e1d1a38680768,true,43.4,91.13,43.5,57.85,434;1;0;0,time,120,-1,0,120.01,0,0,false,false,english,,normal,false,false,false,,1743941020000
67f26cfd1b4e1d1a3868017a,,51.18,96.24,51.18,68.27,128;0;0;0,time,30,-1,0,30.01,0,0,false,false,english,,normal,false,false,false,,1743940861000
67f26cd71b4e1d1a3867ffd0,,45.19,94.24,45.19,61.92,226;0;0;0,time,60,-1,0,60.01,0,0,false,false,english,,normal,false,false,false,,1743940823000
67f26c8e1b4e1d1a3867fcb6,,38,87.89,38.4,55,190;1;0;0,time,60,-1,0,60,0,0,false,false,english,,normal,false,false,false,,1743940750000
67f23cd01b4e1d1a386648a8,,49.2,96.54,50.4,63.36,246;1;0;1,time,60,-1,0,60,0,0,false,false,english,,normal,false,false,false,,1743928528000
67f036e51b4e1d1a3855fa5f,,42.19,93.83,42.19,59.91,211;0;0;0,time,60,-1,0,60.02,1,0,false,false,english,,normal,false,false,false,,1743795941000
67f003dd1b4e1d1a3852c699,,40.4,92.83,40.4,53.95,202;0;0;0,time,60,-1,0,60.01,0,0,false,false,english,,normal,false,false,false,,1743782877000
67eeb49d1b4e1d1a38436554,,45.4,92.03,45.4,64.69,227;0;0;0,time,60,-1,0,60,0,0,false,false,english,,normal,false,false,false,,1743697053000
67ee1abd1b4e1d1a383b8c7b,true,52.59,95.99,52.59,69.99,263;0;0;0,time,60,-1,0,60.01,0,0,false,false,english,,normal,false,false,false,,1743657661000
67edf9e81b4e1d1a383a5f88,,39.8,87.45,39.8,59.28,199;0;0;0,time,60,-1,0,60.01,1,0,false,false,english,,normal,false,false,false,,1743649256000
67ed64e61d4f6d42a8895a15,,43.4,89.71,43.4,58.61,217;0;0;0,time,60,-1,0,60,0,0,false,false,english,,normal,false,false,false,,1743611110000
67ed64a01d4f6d42a889549f,,36,85.58,36,48.1,180;0;0;0,time,60,-1,0,60.01,2,0,false,false,english,,normal,false,false,false,,1743611040000
67ea996d1d4f6d42a867f70b,,45.2,93.15,45.2,59.67,226;0;0;0,time,60,-1,0,60,0,0,false,false,english,,normal,false,false,false,,1743427949000
67ea40d21d4f6d42a864208d,,47.19,95.93,47.19,60.52,236;0;0;0,time,60,-1,0,60.01,0,0,false,false,english,,normal,false,false,false,,1743405266000
67e964131d4f6d42a85cdb1e,,47.4,95.97,47.4,61.39,237;0;0;0,time,60,-1,0,60,0,0,false,false,english,,normal,false,false,false,,1743348755000
67e944c31d4f6d42a85b9578,,47.19,93,47.19,64.84,236;0;0;0,time,60,-1,0,60.01,0,0,false,false,english,,normal,false,false,false,,1743340739000
67e944211d4f6d42a85b8edf,,41,92.95,41,41.97,205;0;0;0,time,60,-1,0,60,6,0,false,false,english,,normal,false,false,false,,1743340577000
67e818641d4f6d42a852610f,,46.4,95.95,46.4,65.63,232;0;0;0,time,60,-1,0,60,0,0,false,false,english,,normal,false,false,false,,1743263844000
67e7edee1d4f6d42a850b5b1,,43.4,94.78,43.4,56.09,217;0;0;0,time,60,-1,0,60.01,4,0,false,false,english,,normal,false,false,false,,1743252974000
67e7b7d01d4f6d42a84edd22,,45.4,95.04,45.4,64.67,227;0;0;0,time,60,-1,0,60,0,0,false,false,english,,normal,false,false,false,,1743239120000
67e6cac7ef75c1d9dc0764d2,,41.99,90.13,41.99,60.94,210;0;0;0,time,60,-1,0,60.02,0,0,false,false,english,,normal,false,false,false,,1743178439000
67e6c400ef75c1d9dc06f494,true,51.39,96.63,51.39,69.74,257;0;0;0,time,60,-1,0,60.01,0,0,false,false,english,,normal,false,false,false,,1743176704000
67e6c394ef75c1d9dc06ed23,,42.2,94.3,42.2,58.2,211;0;0;0,time,60,-1,0,60,1,0,false,false,english,,normal,false,false,false,,1743176596000
67e5802eef75c1d9dcf8bba8,,39.99,87.77,40.39,52.6,200;2;0;0,time,60,-1,0,60.01,0,0,false,false,english,,normal,false,false,false,,1743093806000
67e436d8f65fb0e23f04080c,,35.59,86.54,35.59,46.09,178;0;0;0,time,60,-1,0,60.01,1,0,false,false,english,,normal,false,false,false,,1743009496000
67e3ca23f65fb0e23ffdd03b,,48.8,93.89,49,65.79,244;1;0;0,time,60,-1,0,60,0,0,false,false,english,,normal,false,false,false,,1742981667000
67e3c4faf65fb0e23ffd99da,,46.59,96.69,46.59,65.25,233;0;0;0,time,60,-1,0,60.01,0,0,false,false,english,,normal,false,false,false,,1742980346000
67e2dc03f65fb0e23ff3e06c,,33.99,83.82,33.99,46.95,170;0;0;0,time,60,-1,0,60.01,0,0,false,false,english,,normal,false,false,false,,1742920707000
67e18d01f65fb0e23fe4a39c,,40.2,89.87,40.2,54.76,201;0;0;0,time,60,-1,0,60,0,0,false,false,english,,normal,false,false,false,,1742834945000
67e04267f65fb0e23fd7254e,,44.8,93.75,44.8,67.73,224;0;0;0,time,60,-1,0,60,0,0,false,false,english,,normal,false,false,false,,1742750311000
67e0403cf65fb0e23fd70ee7,,48.19,97.21,48.19,64.96,241;0;0;0,time,60,-1,0,60.01,0,0,false,false,english,,normal,false,false,false,,1742749756000
67dfc430c756633072f1df64,,41,91.67,41,57.39,205;0;0;0,time,60,-1,0,60,0,0,false,false,english,,normal,false,false,false,,1742718000000
67dfadd9c756633072f1328d,,41.8,93.01,41.8,60.15,209;0;0;0,time,60,-1,0,60.01,0,0,false,false,english,,normal,false,false,false,,1742712281000
67dea686c756633072e898d0,true,49.99,97.3,49.99,71.79,250;0;0;0,time,60,-1,0,60.01,0,0,false,false,english,,normal,false,false,false,,1742644870000
67de9b48c756633072e82da4,,41.2,93.33,41.2,62.42,206;0;0;0,time,60,-1,0,60,0,0,false,false,english,,normal,false,false,false,,1742641992000
67de6547c756633072e66963,,41.2,92,41.2,57.97,206;0;0;0,time,60,-1,0,60.01,1,0,false,false,english,,normal,false,false,false,,1742628167000
67de3cfbc756633072e52b2f,,39,88.55,39,62.61,195;0;0;0,time,60,-1,0,60.01,0,0,false,false,english,,normal,false,false,false,,1742617851000
67de3cb8c756633072e528d5,,43.6,94.04,43.6,62.35,218;0;0;0,time,60,-1,0,60.01,0,0,false,false,english,,normal,false,false,false,,1742617784000
67de3c6bc756633072e52688,,42,92.21,42,60.11,210;0;0;0,time,60,-1,0,60,0,0,false,false,english,,normal,false,false,false,,1742617707000
67de3c26c756633072e5244c,,37.2,86.61,38.8,55.26,186;0;1;0,time,60,-1,0,60,0,0,false,false,english,,normal,false,false,false,,1742617638000
67de2f23c756633072e4bfef,,39.99,91.48,40.39,62.25,200;1;0;0,time,60,-1,0,60.01,0,0,false,false,english,,normal,false,false,false,,1742614307000
67dd9d2ec756633072df783e,true,46,96.65,46,66.8,230;0;0;0,time,60,-1,0,60,0,0,false,false,english,,normal,false,false,false,,1742576942000
67a6c837c60cdb18428c56aa,,40.8,90.75,40.8,59.62,204;0;0;0,time,60,-1,0,60,0,0,false,false,english,,normal,false,false,false,,1738983479000
67a6c7f3c60cdb18428c54d8,,37.19,84.55,37.19,54.51,186;0;0;0,time,60,-1,0,60.01,0,0,false,false,english,,normal,false,false,false,,1738983411000
67a641358049ddd215d2a287,,41.6,89.74,41.6,55.22,208;0;0;0,time,60,-1,0,60,0,0,false,false,english,,normal,false,false,false,,1738948917000
67a4e2418049ddd215c1bee9,,45.19,94.58,45.19,64.07,226;0;0;0,time,60,-1,0,60.01,0,0,false,false,english,,normal,false,false,false,,1738859073000
67a4d17c8049ddd215c08d22,,39.59,88.16,39.59,62.24,198;0;0;0,time,60,-1,0,60.02,0,0,false,false,english,,normal,false,false,false,,1738854780000
67a4d1378049ddd215c0882e,,41.58,89.06,45.58,65.28,52;3;0;0,time,15,-1,0,15.01,0,0,false,false,english,,normal,false,false,false,,1738854711000
67a4d1128049ddd215c08562,true,53.56,97.22,55.15,60.35,67;1;0;0,time,15,-1,0,15.01,0,0,false,false,english,,normal,false,false,false,,1738854674000
67a4d0d78049ddd215c0815c,,50.38,96.92,50.38,67.19,126;0;0;0,time,30,-1,0,30.01,0,0,false,false,english,,normal,false,false,false,,1738854615000
67a4d06e8049ddd215c079e7,,43.19,92.44,43.19,58.11,108;0;0;0,time,30,-1,0,30.01,0,0,false,false,english,,normal,false,false,false,,1738854510000
67a39fc08049ddd215b2e990,,41.99,93.86,41.99,54.78,105;0;0;0,time,30,-1,0,30.01,0,0,false,false,english,,normal,false,false,false,,1738776512000
67a39f978049ddd215b2e6b3,,44.77,91.8,44.77,69.6,56;0;0;0,time,15,-1,0,15.01,0,0,false,false,english,,normal,false,false,false,,1738776471000
67a39f808049ddd215b2e52b,,46.38,93.55,46.38,72.25,58;0;0;0,time,15,-1,0,15.01,0,0,false,false,english,,normal,false,false,false,,1738776448000
67a39f5d8049ddd215b2e2e7,,46.4,96.72,47.6,62.49,116;1;0;0,time,30,-1,0,30,0,0,false,false,english,,normal,false,false,false,,1738776413000
67a39f378049ddd215b2e02f,,44.79,94.12,44.79,69.14,112;0;0;0,time,30,-1,0,30,0,0,false,false,english,,normal,false,false,false,,1738776375000
67a39f128049ddd215b2dd5f,,32.8,87.23,32.8,41.06,82;0;0;0,time,30,-1,0,30,1,0,false,false,english,,normal,false,false,false,,1738776338000
67a39ee98049ddd215b2da5f,true,52.77,97.79,52.77,70.01,132;0;0;0,time,30,-1,0,30.02,0,0,false,false,english,,normal,false,false,false,,1738776297000
67a23c538049ddd215a1af14,,44.38,94.12,44.38,65.88,111;0;0;0,time,30,-1,0,30.01,0,0,false,false,english,,normal,false,false,false,,1738685523000
67a23c2c8049ddd215a1ac37,,35.99,83.93,35.99,55.26,90;0;0;0,time,30,-1,0,30.01,0,0,false,false,english,,normal,false,false,false,,1738685484000
67a23be28049ddd215a1a6ea,,46.4,92.86,46.4,66.11,116;0;0;0,time,30,-1,0,30,0,0,false,false,english,,normal,false,false,false,,1738685410000
67a23bbe8049ddd215a1a48b,,37.59,87.39,39.59,53.18,94;1;0;0,time,30,-1,0,30.01,0,0,false,false,english,,normal,false,false,false,,1738685374000
67a23b968049ddd215a1a1b9,,44.77,91.8,45.57,61.43,56;1;0;0,time,15,-1,0,15.01,0,0,false,false,english,,normal,false,false,false,,1738685334000
67a23b748049ddd215a19f31,true,47.19,95.52,51.99,67.44,59;1;0;0,time,15,-1,0,15,0,0,false,false,english,,normal,false,false,false,,1738685300000
67a221988049ddd2159fc4dc,,33.59,83.02,33.59,52.86,42;0;0;0,time,15,-1,0,15,0,0,false,false,english,,normal,false,false,false,,1738678680000
67a221708049ddd2159fc224,true,43.3,92.96,43.3,63.9,866;0;0;0,time,240,-1,0,240,0,0,false,false,english,,normal,false,false,false,,1738678640000
67a220008049ddd2159fa7d6,true,45.39,94.24,45.39,65.55,227;0;0;0,time,60,-1,0,60.01,0,0,false,false,english,,normal,false,false,false,,1738678272000
67a21f938049ddd2159fa070,true,44.6,94.92,44.6,67.56,223;0;0;0,time,60,-1,0,60,0,0,false,false,english,,normal,false,false,false,,1738678163000
67a21f4d8049ddd2159f9b48,,40.39,93.04,42.39,64.32,101;1;0;0,time,30,-1,0,30,0,0,false,false,english,,normal,false,false,false,,1738678093000
67a21f238049ddd2159f984d,,42.78,93.1,42.78,64.22,107;0;0;0,time,30,-1,0,30.01,0,0,false,false,english,,normal,false,false,false,,1738678051000
67a0380edbed5525562221c0,,40.38,91.96,40.38,62.18,101;0;0;0,time,30,-1,0,30.01,0,0,false,false,english,,normal,false,false,false,,1738553358000
67a037e5dbed552556222030,,38.79,89.19,38.79,55.83,97;0;0;0,time,30,-1,0,30.01,0,0,false,false,english,,normal,false,false,false,,1738553317000
67a031c3dbed55255621ea62,,33.59,87.63,33.59,58.02,84;0;0;0,time,30,-1,0,30.01,0,0,false,false,english,,normal,false,false,false,,1738551747000
679bb5fbba6f7581643df585,,39.99,91.89,39.99,63.65,100;0;0;0,time,30,-1,0,30.01,0,0,false,false,english,,normal,false,false,false,,1738257915000
679bb5d5ba6f7581643df2a7,true,46.79,92.13,46.79,66.78,117;0;0;0,time,30,-1,0,30.01,0,0,false,false,english,,normal,false,false,false,,1738257877000
679bb5aeba6f7581643defb7,true,44.78,94.12,44.78,65.27,112;0;0;0,time,30,-1,0,30.01,0,0,false,false,english,,normal,false,false,false,,1738257838000
679b892eba6f7581643ab459,,30.79,89.66,30.79,32.28,77;0;0;0,time,30,-1,0,30.01,5,0,false,false,english,,normal,false,false,false,,1738246445000
6797889bba6f7581640b4596,,33.2,85.29,33.59,47.21,83;1;0;0,time,30,-1,0,30,0,0,false,false,english,,normal,false,false,false,,1737984155000
67978873ba6f7581640b4308,,39.5,90.89,39.5,61.76,395;0;0;0,time,120,-1,0,120,0,0,false,false,english,,normal,false,false,false,,1737984115000
6796563949deeea627c75fec,,42.2,93.51,42.2,63.18,422;0;0;0,time,120,-1,0,120.01,0,0,false,false,english,,normal,false,false,false,,1737905721000
6795123549deeea627bc81e2,,38.1,92.53,38.1,61.97,381;0;0;0,time,120,-1,0,120.01,0,0,false,false,english,,normal,false,false,false,,1737822773000
6795061f49deeea627bbef54,,36.7,93.1,37.6,50.76,367;1;0;0,time,120,-1,0,120,7,0,false,false,english,,normal,false,false,false,,1737819679000
67947f4c49deeea627b70418,,38.8,94.5,38.8,60.28,388;0;0;0,time,120,-1,0,120.01,1,0,false,false,english,,normal,false,false,false,,1737785164000
67945e6f49deeea627b5fc24,,36.2,89.76,36.2,57.19,362;0;0;0,time,120,-1,0,120.01,0,0,false,false,english,,normal,false,false,false,,1737776751000
67945dec49deeea627b5f817,,39.6,93.04,39.6,59.92,396;0;0;0,time,120,-1,0,120.01,0,0,false,false,english,,normal,false,false,false,,1737776620000
6791d64f49deeea62798b517,,38.1,90.78,38.1,59.45,381;0;0;0,time,120,-1,0,120,0,0,false,false,english,,normal,false,false,false,,1737610831000
6791d5cb49deeea62798b084,,35.9,90.27,36.7,55.66,359;1;0;0,time,120,-1,0,120.02,0,0,false,false,english,,normal,false,false,false,,1737610699000
6791abad49deeea627972a92,,33.8,87.31,33.8,55,338;0;0;0,time,120,-1,0,120,0,0,false,false,english,,normal,false,false,false,,1737599917000
679113b549deeea627901615,,37.5,90.95,37.5,50.61,375;0;0;0,time,120,-1,0,120,4,0,false,false,english,,normal,false,false,false,,1737561013000
678d0fe449deeea62765089b,,34.1,90.89,36.4,54.42,341;3;0;2,time,120,-1,0,120.01,2,0,false,false,english,,normal,false,false,false,,1737297892000
678cfcd749deeea627642e05,,32.7,90.13,34.9,58.04,327;2;0;4,time,120,-1,0,120.01,1,0,false,false,english,,normal,false,false,false,,1737293015000
678cfc2c49deeea62764268e,,36.1,91.37,38,58.67,361;2;0;2,time,120,-1,0,120,1,0,false,false,english,,normal,false,false,false,,1737292844000
678cfb9149deeea627641fad,,35.2,90.73,36.2,53.93,352;2;0;0,time,120,-1,0,120,1,0,false,false,english,,normal,false,false,false,,1737292689000
678c913249deeea627605e71,,37.4,91.59,37.6,55.68,374;1;0;0,time,120,-1,0,120.01,0,0,false,false,english,,normal,false,false,false,,1737265458000
678b341749deeea62754924c,,38.5,94.19,38.5,61.25,385;0;0;0,time,120,-1,0,120,0,0,false,false,english,,normal,false,false,false,,1737176087000
678b330649deeea6275489cf,,37.1,90.78,37.1,55.6,371;0;0;0,time,120,-1,0,120,0,0,false,false,english,,normal,false,false,false,,1737175814000
678a7ac349deeea6274ca4df,,37,90.51,37,50.71,370;0;0;0,time,120,-1,0,120,4,0,false,false,english,,normal,false,false,false,,1737128643000
678a7a3049deeea6274c9a0e,,37.9,90.33,38.3,61.02,379;1;0;0,time,120,-1,0,120,0,0,false,false,english,,normal,false,false,false,,1737128496000
678a799649deeea6274c8f95,,39.6,92.99,39.6,58.8,396;0;0;0,time,120,-1,0,120.01,5,0,false,false,english,,normal,false,false,false,,1737128342000
6786a39030d177b767ae46e2,true,43.1,95.18,43.1,64.93,431;0;0;0,time,120,-1,0,120,0,0,false,false,english,,normal,false,false,false,,1736876944000
6785147e30d177b7679ac9ba,,33.6,89.74,33.6,54.41,336;0;0;0,time,120,-1,0,120.01,0,0,false,false,english,,normal,false,false,false,,1736774782000
6783e2cb33ee27aa12f559f8,,40.2,92.86,40.2,60.56,402;0;0;0,time,120,-1,0,120.01,0,0,false,false,english,,normal,false,false,false,,1736696523000
6783d25d33ee27aa12f4a2ef,,33,90.48,33,47.4,330;0;0;0,time,120,-1,0,120.01,0,0,false,false,english,,normal,false,false,false,,1736692317000
6782b15133ee27aa12eb42d6,,40.2,92.66,40.2,62.09,402;0;0;0,time,120,-1,0,120,0,0,false,false,english,,normal,false,false,false,,1736618321000
677ea55033ee27aa12c02e5a,,40.9,92.86,40.9,64.28,409;0;0;0,time,120,-1,0,120,0,0,false,false,english,,normal,false,false,false,,1736353104000
677ea4ce33ee27aa12c0264d,,39.7,93.02,39.7,64.42,397;0;0;0,time,120,-1,0,120.01,0,0,false,false,english,,normal,false,false,false,,1736352974000
677d586933ee27aa12b21bfc,,40.2,92.71,40.2,62.75,402;0;0;0,time,120,-1,0,120,0,0,false,false,english,,normal,false,false,false,,1736267881000
677c077b9894964293068584,,39.4,92.96,39.4,62.78,394;0;0;0,time,120,-1,0,120,0,0,false,false,english,,normal,false,false,false,,1736181627000
677c06da9894964293067be2,,41.9,95.23,41.9,65.45,419;0;0;0,time,120,-1,0,120,0,0,false,false,english,,normal,false,false,false,,1736181466000
677bebd7989496429304ebf0,,38.9,93.33,38.9,61.33,389;0;0;0,time,120,-1,0,120.01,0,0,false,false,english,,normal,false,false,false,,1736174551000
677be0229894964293044813,,37.6,91.17,37.9,63.6,376;1;0;0,time,120,-1,0,120.01,0,0,false,false,english,,normal,false,false,false,,1736171554000
67780a8e9894964293e328a3,,39.1,92.51,39.1,63.59,391;0;0;0,time,120,-1,0,120,1,0,false,false,english,,normal,false,false,false,,1735920270000
67780a029894964293e32208,,36.2,92.42,36.2,59.44,362;0;0;0,time,120,-1,0,120.01,0,0,false,false,english,,normal,false,false,false,,1735920130000
6777f2109894964293e1e762,,38.1,90.61,38.2,59.39,381;1;0;0,time,120,-1,0,120,0,0,false,false,english,,normal,false,false,false,,1735914000000
6776a65f9894964293d5d37a,,37.3,92.67,37.3,61.11,373;0;0;0,time,120,-1,0,120,0,0,false,false,english,,normal,false,false,false,,1735829087000
6774060b9894964293c0ae1c,,37.7,94.28,37.7,60.6,377;0;0;0,time,120,-1,0,120.01,0,0,false,false,english,,normal,false,false,false,,1735656971000
6773ec7f9894964293bfa470,,35.9,90.35,35.9,56.67,359;0;0;0,time,120,-1,0,120.02,0,0,false,false,english,,normal,false,false,false,,1735650431000
676e1d4b98949642938df4d1,,36.3,88.19,36.3,56.84,363;0;0;0,time,120,-1,0,120,0,0,false,false,english,,normal,false,false,false,,1735269707000
676e1bf798949642938deb19,true,38,91.21,38,59.71,380;0;0;0,time,120,-1,0,120.01,0,0,false,false,english,,expert,false,false,false,,1735269367000
676d835d9894964293891ac2,,31.3,84.08,31.3,50.9,313;0;0;0,time,120,-1,0,120,0,0,false,false,english,,normal,false,false,false,,1735230301000
676d82cf98949642938913bd,,38.4,89.66,38.4,62.15,384;0;0;0,time,120,-1,0,120,0,0,false,false,english,,normal,false,false,false,,1735230159000
676d820f9894964293890a54,,39.79,91.34,39.79,60.65,398;0;0;0,time,120,-1,0,120.02,0,0,false,false,english,,normal,false,false,false,,1735229967000
676d679b989496429387d197,true,42.6,93.7,42.6,63.53,426;0;0;0,time,120,-1,0,120,0,0,false,false,english,,normal,false,false,false,,1735223195000
676abdb2989496429371c930,true,42.5,93.86,42.5,64.77,425;0;0;0,time,120,-1,0,120.01,0,0,false,false,english,,normal,false,false,false,,1735048626000
6769863c9894964293672dc9,,39.7,92.63,39.7,57.77,397;0;0;0,time,120,-1,0,120,1,0,false,false,english,,normal,false,false,false,,1734968892000
67697bd91df1c69f15a077d2,,34.1,88.35,34.5,56.47,341;1;0;0,time,120,-1,0,120.01,1,0,false,false,english,,normal,false,false,false,,1734966233000
676978f71df1c69f15a0555c,,35.1,92.71,35.1,49.78,351;0;0;0,time,120,-1,0,120.01,9,0,false,false,english,,normal,false,false,false,,1734965495000
676966161df1c69f159f6b5a,,38.2,93.73,38.2,62.52,382;0;0;0,time,120,-1,0,120.01,0,0,false,false,english,,normal,false,false,false,,1734960662000
6768ce071df1c69f159a00fd,,34.3,90.84,34.3,55.26,343;0;0;0,time,120,-1,0,120.01,2,0,false,false,english,,normal,false,false,false,,1734921735000
67679b621df1c69f15901127,,36.4,92.08,36.4,59.64,364;0;0;0,time,120,-1,0,120.01,0,0,false,false,english,,normal,false,false,false,,1734843234000
6766d11d1df1c69f158a246d,,33,88.39,33,57.56,330;0;0;0,time,120,-1,0,120.02,0,0,false,false,english,,normal,false,false,false,,1734791453000
6766ce961df1c69f158a09a7,,39,91.49,39.2,58.95,390;2;0;0,time,120,-1,0,120.01,0,0,false,false,english,,normal,false,false,false,,1734790806000
6764e25b1df1c69f15787ba7,,32.4,83.21,32.5,50.2,324;1;0;0,time,120,-1,0,120,0,0,false,false,english,,normal,false,false,false,,1734664795000
6764e1da1df1c69f1578778c,,39.3,91.53,39.6,63.72,393;1;0;0,time,120,-1,0,120.01,0,0,false,false,english,,normal,false,false,false,,1734664666000
6764e12f1df1c69f1578724a,,38.8,92.18,38.8,58.02,388;0;0;0,time,120,-1,0,120,0,0,false,false,english,,normal,false,false,false,,1734664495000
6763c3aa1df1c69f156bd567,,39.5,93.4,39.5,58.54,395;0;0;0,time,120,-1,0,120.01,0,0,false,false,english,,normal,false,false,false,,1734591402000
6762fb081df1c69f1563affb,,32.8,89.71,33,55.64,328;1;0;0,time,120,-1,0,120,3,0,false,false,english,,normal,false,false,false,,1734540040000
6762f9b61df1c69f156398bc,,31.1,88.3,31.3,53.49,311;1;0;0,time,120,-1,0,120,1,0,false,false,english,,normal,false,false,false,,1734539702000
6762f91d1df1c69f15638e75,,37.4,90.26,37.4,59.71,374;0;0;0,time,120,-1,0,120.01,0,0,false,false,english,,normal,false,false,false,,1734539549000
6761b08d1df1c69f1554e49a,,36.4,90.27,37.2,58.97,364;2;1;0,time,120,-1,0,120.01,0,0,false,false,english,,normal,false,false,false,,1734455437000
6761a5721df1c69f155421ca,,36.9,89.42,36.9,56.46,369;0;0;0,time,120,-1,0,120,0,0,false,false,english,,normal,false,false,false,,1734452593000
676077811df1c69f1546ff6c,,31.1,88.71,31.9,48.83,311;1;0;2,time,120,-1,0,120,3,0,false,false,english,,normal,false,false,false,,1734375297000
675cf5571df1c69f1525cf2d,,33.6,87.28,34,55.46,336;1;0;0,time,120,-1,0,120.02,0,0,false,false,english,,normal,false,false,false,,1734145367000
675cf4d51df1c69f1525cb8b,,35.7,88.21,35.7,56.59,357;0;0;0,time,120,-1,0,120,0,0,false,false,english,,normal,false,false,false,,1734145237000
675c5f0b1df1c69f151f72c2,,35,88.34,35,58.84,350;0;0;0,time,120,-1,0,120.01,0,0,false,false,english,,normal,false,false,false,,1734106891000
675c5e8c1df1c69f151f69a8,,34.7,88.89,34.7,56.03,347;0;0;0,time,120,-1,0,120.01,0,0,false,false,english,,normal,false,false,false,,1734106764000
675b0fe81df1c69f15106b2f,,30.1,90,30.6,45.17,301;1;0;0,time,120,-1,0,120,4,0,false,false,english,,normal,false,false,false,,1734021096000
675a8aaf1df1c69f1509c6b4,,36.7,91.13,36.7,56.84,367;0;0;0,time,120,-1,0,120.01,0,0,false,false,english,,normal,false,false,false,,1733986991000
675a7b271df1c69f150932f8,,31.1,85.79,31.1,50.99,311;0;0;0,time,120,-1,0,120.02,1,0,false,false,english,,normal,false,false,false,,1733983015000
6759c7fd1df1c69f15018508,,39.3,94.94,39.4,58.15,393;1;0;0,time,120,-1,0,120,0,0,false,false,english,,normal,false,false,false,,1733937149000
6759b3481df1c69f15001acd,,40.7,93.2,40.7,64.85,407;0;0;0,time,120,-1,0,120.01,0,0,false,false,english,,normal,false,false,false,,1733931848000
675872426111f4bec9a9f040,,39.2,94.03,39.2,59.52,392;0;0;0,time,120,-1,0,120,1,0,false,false,english,,normal,false,false,false,,1733849666000
6757d8996111f4bec9a2714f,,32.7,87.05,33.3,53.06,327;1;0;0,time,120,-1,0,120.01,2,0,false,false,english,,normal,false,false,false,,1733810329000
6757d8186111f4bec9a26cc7,,34.7,89.65,35.4,54.33,347;2;0;0,time,120,-1,0,120.01,0,0,false,false,english,,normal,false,false,false,,1733810200000
6757047e6111f4bec9988b2f,,32.7,88.74,32.7,58.48,327;0;0;0,time,120,-1,0,120,0,0,false,false,english,,normal,false,false,false,,1733756030000
675703fc6111f4bec99882dd,,37.1,88.86,37.1,59.31,371;0;0;0,time,120,-1,0,120.01,2,0,false,false,english,,normal,false,false,false,,1733755900000
675482206111f4bec98275ef,,36.8,91.44,36.8,61.48,368;0;0;0,time,120,-1,0,120.01,0,0,false,false,english,,normal,false,false,false,,1733591584000
675481886111f4bec9826fcd,,34.3,91.56,34.3,57.17,343;0;0;0,time,120,-1,0,120.01,1,0,false,false,english,,normal,false,false,false,,1733591432000
6753c43444765f7d6cad087a,,28.3,87.5,28.6,44.4,283;1;0;0,time,120,-1,0,120.01,3,0,false,false,english,,normal,false,false,false,,1733542964000
6753187044765f7d6ca52b69,,41.1,94.09,41.1,64.74,411;0;0;0,time,120,-1,0,120.01,0,0,false,false,english,,normal,false,false,false,,1733498992000
6751cd3844765f7d6c955a7f,,38.5,94.16,38.5,62.2,385;0;0;0,time,120,-1,0,120.01,0,0,false,false,english,,normal,false,false,false,,1733414200000
674db57586fa6e365ffd439c,true,41.4,95.22,41.4,61.6,414;0;0;0,time,120,-1,0,120,0,0,false,false,english,,normal,false,false,false,,1733145973000
674bf57f86fa6e365feb6096,,35.3,90.63,35.3,54.09,353;0;0;0,time,120,-1,0,120,0,0,false,false,english,,normal,false,false,false,,1733031295000
674b370c86fa6e365fe563b2,,35.7,92.11,35.7,58.88,357;0;0;0,time,120,-1,0,120.01,0,0,false,false,english,,normal,false,false,false,,1732982540000
674b368986fa6e365fe55da8,,34,89.69,34,53.55,340;0;0;0,time,120,-1,0,120,0,0,false,false,english,,normal,false,false,false,,1732982409000
674b360686fa6e365fe557ee,,32.6,89.78,32.6,55.7,163;0;0;0,time,60,-1,0,60,0,0,false,false,english,,normal,false,false,false,,1732982278000
674b35c186fa6e365fe554e3,,27,84.24,27,40.38,135;0;0;0,time,60,-1,0,60.01,0,0,false,false,english,,normal,false,false,false,,1732982209000
674a75eb86fa6e365fde5c34,,36.8,93.07,36.8,57.69,184;0;0;0,time,60,-1,0,60,0,0,false,false,english,,normal,false,false,false,,1732933099000
6749e70e86fa6e365fd9ad1d,,30,87.03,33,42.48,150;3;1;2,time,60,-1,0,60,6,0,false,false,english,,normal,false,false,false,,1732896526000
6749b13886fa6e365fd6f8ef,,30.2,91.01,33.2,37.17,151;3;1;1,time,60,-1,0,60,6,0,false,false,english,,normal,false,false,false,,1732882744000
67488aa586fa6e365fcbeb2b,,30.79,88.14,30.79,57.86,154;0;0;0,time,60,-1,0,60.01,0,0,false,false,english,,normal,false,false,false,,1732807333000
67488a5986fa6e365fcbe732,,33,89.42,33,50.97,165;0;0;0,time,60,-1,0,60,0,0,false,false,english,,normal,false,false,false,,1732807257000
67488a1386fa6e365fcbe3a3,,34.2,89.18,34.6,58.02,171;1;0;0,time,60,-1,0,60,0,0,false,false,english,,normal,false,false,false,,1732807187000
674889d086fa6e365fcbe030,,35.8,90.45,35.8,53.52,179;0;0;0,time,60,-1,0,60.01,0,0,false,false,english,,normal,false,false,false,,1732807120000
67487c0186fa6e365fcb22e4,,30.2,86.19,30.2,45.88,151;0;0;0,time,60,-1,0,60.01,0,0,false,false,english,,normal,false,false,false,,1732803585000
67487ba386fa6e365fcb1da8,,38.1,93.45,38.1,55.28,381;0;0;0,time,120,-1,0,120,0,0,false,false,english,,normal,false,false,false,,1732803491000
67487b1d86fa6e365fcb15fc,true,38.9,95.87,38.9,62.28,389;0;0;0,time,120,-1,0,120.01,1,0,false,false,english,,normal,false,false,false,,1732803357000
674704db86fa6e365fbb038f,,33.8,92.33,34.4,56.93,338;0;1;0,time,120,-1,0,120,1,0,false,false,english,,normal,false,false,false,,1732707547000
6747005e86fa6e365fbad00a,,36.5,95.57,36.5,56.48,365;0;0;0,time,120,-1,0,120.01,1,0,false,false,english,,normal,false,false,false,,1732706398000
6746c9ee86fa6e365fb870be,,36.1,94.36,36.2,56.12,361;1;0;0,time,120,-1,0,120.01,0,0,false,false,english,,normal,false,false,false,,1732692462000
6745bbfd86fa6e365fabfaeb,,37.4,92.36,37.4,58.72,374;0;0;0,time,120,-1,0,120.01,1,0,false,false,english,,normal,false,false,false,,1732623357000
67448d8686fa6e365f9e75cd,,32.2,88.86,32.2,53.24,322;0;0;0,time,120,-1,0,120,1,0,false,false,english,,normal,false,false,false,,1732545926000
67448d0886fa6e365f9e6d4f,,33.5,89.56,33.5,54.07,335;0;0;0,time,120,-1,0,120,1,0,false,false,english,,normal,false,false,false,,1732545800000
67448c8886fa6e365f9e64d9,,32.3,89.37,32.3,52.63,323;0;0;0,time,120,-1,0,120,1,0,false,false,english,,normal,false,false,false,,1732545671000
67448c0686fa6e365f9e5c37,,30.3,92.99,30.3,35.72,303;0;0;0,time,120,-1,0,120,20,0,false,false,english,,normal,false,false,false,,1732545542000
67447edf86fa6e365f9d7f8a,,36.3,92.73,36.3,59.27,363;0;0;0,time,120,-1,0,120,0,0,false,false,english,,normal,false,false,false,,1732542174000
674200ce86fa6e365f8591b9,,35.2,92.53,35.2,55.99,352;0;0;0,time,120,-1,0,120,1,0,false,false,english,,normal,false,false,false,,1732378830000
673f35ee72e2e364f40b9cc4,,37.2,94.21,37.2,57.32,372;0;0;0,time,120,-1,0,120.01,0,0,false,false,english,,normal,false,false,false,,1732195822000
673ea59872e2e364f40561fb,,32.2,90.74,32.8,54.73,322;1;0;0,time,120,-1,0,120.01,0,0,false,false,english,,normal,false,false,false,,1732158872000
673e04bc72e2e364f4fd43eb,true,38.3,97.22,38.3,58.89,383;0;0;0,time,120,-1,0,120.01,1,0,false,false,english,,normal,false,false,false,,1732117692000
673cc0b172e2e364f4ed4a3b,,29.9,90.15,29.9,43.44,299;0;0;0,time,120,-1,0,120,8,0,false,false,english,,normal,false,false,false,,1732034737000
673cc03072e2e364f4ed4071,,32.3,90.86,32.3,49.25,323;0;0;0,time,120,-1,0,120,1,0,false,false,english,,normal,false,false,false,,1732034608000
673b5f58cb87917df29e7e37,,31.5,93.06,31.9,53.07,315;1;0;0,time,120,-1,0,120,1,0,false,false,english,,normal,false,false,false,,1731944280000
673b5acbcb87917df29e24da,,30.4,89.66,30.4,52.67,304;0;0;0,time,120,-1,0,120,1,0,false,false,english,,normal,false,false,false,,1731943115000
673b5a2acb87917df29e1929,,36.2,94.18,36.8,54.25,362;1;0;0,time,120,-1,0,120,0,0,false,false,english,,normal,false,false,false,,1731942954000
673b5996cb87917df29e0e2c,,31.5,91.81,31.5,51.97,315;0;0;0,time,120,-1,0,120,0,0,false,false,english,,normal,false,false,false,,1731942806000
673b496bcb87917df29cdc76,,28.8,90.88,28.8,47.19,288;0;0;0,time,120,-1,0,120.01,0,0,false,false,english,,normal,false,false,false,,1731938667000
673b385acb87917df29bc4a4,,30.1,90.14,30.7,49.34,301;1;0;0,time,120,-1,0,120.01,0,0,false,false,english,,normal,false,false,false,,1731934298000
67395384cb87917df288d60a,,32.2,91.6,32.2,54.86,322;0;0;0,time,120,-1,0,120,0,0,false,false,english,,normal,false,false,false,,1731810180000
673813bccb87917df27d42bd,,30.2,89.14,30.5,57.45,302;1;0;0,time,120,-1,0,120,2,0,false,false,english,,normal,false,false,false,,1731728316000
67381329cb87917df27d3e33,,22.3,83.7,22.3,30.99,223;0;0;0,time,120,-1,0,120.01,10,0,false,false,english,,normal,false,false,false,,1731728169000
673812a6cb87917df27d3a3d,,26.7,91.25,26.7,40.22,267;0;0;0,time,120,-1,0,120.01,8,0,false,false,english,,normal,false,false,false,,1731728038000
67373de5cb87917df2727226,,36.7,95.88,36.7,56.9,367;0;0;0,time,120,-1,0,120,1,0,false,false,english,,normal,false,false,false,,1731673573000
6736f2dccb87917df26f2b3a,,33.9,93.07,34.5,53.59,339;1;0;0,time,120,-1,1,120.01,1,26.72,false,false,english,,normal,false,false,false,,1731654364000
6736f040cb87917df26f0fe5,true,37,93.23,37,60.21,370;0;0;0,time,120,-1,0,120.01,0,0,false,false,english,,normal,false,false,false,,1731653696000
6736a800cb87917df26c48d8,,32.7,93.54,32.7,52.42,327;0;0;0,time,120,-1,0,120.01,2,0,false,false,english,,normal,false,false,false,,1731635200000
67304ee4cb87917df21ecea1,,35.1,92.67,35.1,58.87,351;0;0;0,time,120,-1,0,120,0,0,false,false,english,,normal,false,false,false,,1731219172000
67304e2bcb87917df21ec824,,34,92.08,34,55.46,340;0;0;0,time,120,-1,0,120.01,0,0,false,false,english,,normal,false,false,false,,1731218987000
67304da1cb87917df21ec3ae,,34.7,92.61,35.1,54.9,347;2;0;0,time,120,-1,0,120.01,1,0,false,false,english,,normal,false,false,false,,1731218849000
672df8b3cb87917df206be79,,31,93.84,31,48.14,310;0;0;0,time,120,-1,0,120,4,0,false,false,english,,normal,false,false,false,,1731066035000
672df835cb87917df206b8dd,,31.5,89.2,31.9,52.58,315;1;0;0,time,120,-1,0,120,1,0,false,false,english,,normal,false,false,false,,1731065909000
672df752cb87917df206af3e,,33,90.81,33,58.25,330;0;0;0,time,120,-1,0,120.01,0,0,false,false,english,,normal,false,false,false,,1731065682000
672df6d2cb87917df206a9cb,,35.1,90.68,36.2,56.97,351;2;0;0,time,120,-1,0,120.01,0,0,false,false,english,,normal,false,false,false,,1731065554000
672df626cb87917df206a249,,36.4,93.55,37.8,64.61,364;3;0;0,time,120,-1,0,120.02,0,0,false,false,english,,normal,false,false,false,,1731065382000
672df5a4cb87917df2069cce,,34.5,93.28,34.5,51.1,345;0;0;0,time,120,-1,0,120.01,9,0,false,false,english,,normal,false,false,false,,1731065252000
672ce084cb87917df2f9c130,,28.5,90.43,28.5,52.36,285;0;0;0,time,120,-1,0,120,1,0,false,false,english,,normal,false,false,false,,1730994308000
672ce004cb87917df2f9b7e4,,30.1,91.64,30.1,48.86,301;0;0;0,time,120,-1,0,120,5,0,false,false,english,,normal,false,false,false,,1730994180000
672cdf83cb87917df2f9aed3,,29.99,90.48,29.99,35.18,75;0;0;0,time,30,-1,0,30.01,0,0,false,false,english,,normal,false,false,false,,1730994051000
672cb2d4cb87917df2f6b6a7,,36.4,94.79,36.4,54.84,91;0;0;0,time,30,-1,0,30,0,0,false,false,english,,normal,false,false,false,,1730982612000
672cb2b1cb87917df2f6b4d5,,34.79,90.1,36.79,59.82,87;1;0;0,time,30,-1,0,30.01,0,0,false,false,english,,normal,false,false,false,,1730982577000
672cb281cb87917df2f6b29d,,41.58,94.55,41.58,59.37,52;0;0;0,time,15,-1,0,15.01,0,0,false,false,english,,normal,false,false,false,,1730982529000
672a0ca1cb87917df2d64929,,25.58,81.82,31.98,45.27,32;2;0;0,time,15,-1,0,15.01,0,0,false,false,english,,normal,false,false,false,,1730808993000
672a0c77cb87917df2d64736,,34.39,89.58,34.39,45.24,43;0;0;0,time,15,-1,0,15.01,0,0,false,false,english,,normal,false,false,false,,1730808951000
672a0c63cb87917df2d6462d,,20.79,75,39.98,68.64,26;7;2;0,time,15,-1,0,15.01,0,0,false,false,english,,normal,false,false,false,,1730808931000
672a0c4ecb87917df2d64507,,36.8,90.2,36.8,51.11,46;0;0;0,time,15,-1,0,15,0,0,false,false,english,,normal,false,false,false,,1730808910000
672a0c39cb87917df2d64426,,37.59,94.23,37.59,51.96,47;0;0;0,time,15,-1,0,15,0,0,false,false,english,,normal,false,false,false,,1730808889000
672a0c1ecb87917df2d642c5,,35.99,88.24,35.99,51.11,45;0;0;0,time,15,-1,0,15.01,0,0,false,false,english,,normal,false,false,false,,1730808862000
672a0c09cb87917df2d641be,,37.59,94.12,37.59,57.35,47;0;0;0,time,15,-1,0,15,0,0,false,false,english,,normal,false,false,false,,1730808841000
672a0beccb87917df2d64057,,37.6,92.16,37.6,60.13,47;0;0;0,time,15,-1,0,15,0,0,false,false,english,,normal,false,false,false,,1730808812000
67277ab850538de2c2a9a1e4,,23.18,76.6,33.57,50.84,29;3;1;0,time,15,-1,0,15.01,0,0,false,false,english,,normal,false,false,false,,1730640568000
67277aa050538de2c2a9a0c4,,43.2,96.49,43.2,70.86,54;0;0;0,time,15,-1,0,15,0,0,false,false,english,,normal,false,false,false,,1730640544000
67277a8950538de2c2a99fae,,27.97,87.76,37.57,65.62,35;2;0;1,time,15,-1,0,15.01,0,0,false,false,english,,normal,false,false,false,,1730640521000
67277a7550538de2c2a99ebe,,28.79,78.85,39.19,59.41,36;4;1;0,time,15,-1,0,15,0,0,false,false,english,,normal,false,false,false,,1730640501000
67277a6050538de2c2a99da3,,33.6,86.54,38.4,51.96,42;2;0;0,time,15,-1,0,15,0,0,false,false,english,,normal,false,false,false,,1730640480000
67277a4b50538de2c2a99cb2,,27.19,80.39,39.18,57.35,34;6;0;0,time,15,-1,0,15.01,0,0,false,false,english,,normal,false,false,false,,1730640459000
67277a3050538de2c2a99b51,,41.99,94.59,41.99,69.47,105;0;0;0,time,30,-1,0,30.01,0,0,false,false,english,,normal,false,false,false,,1730640432000
67277a0650538de2c2a99917,true,42.39,97.25,42.39,60.78,106;0;0;0,time,30,-1,0,30.01,0,0,false,false,english,,normal,false,false,false,,1730640390000
672779de50538de2c2a9973a,,35.2,93.72,35.2,61.33,176;0;0;0,time,60,-1,0,60.01,1,0,false,false,english,,normal,false,false,false,,1730640350000
6727799950538de2c2a99424,true,40.79,97.17,40.79,68.38,204;0;0;0,time,60,-1,0,60.01,0,0,false,false,english,,normal,false,false,false,,1730640281000
6727793750538de2c2a98fb3,,32.99,91.85,33.99,61.96,165;1;0;0,time,60,-1,0,60.01,0,0,false,false,english,,normal,false,false,false,,1730640183000
67264a5a50538de2c29f61d7,,31.8,91.26,32.8,55.48,159;0;1;0,time,60,-1,0,60,0,0,false,false,english,,normal,false,false,false,,1730562650000
67264a1750538de2c29f5eea,,32.4,92.13,32.4,55.68,162;0;0;0,time,60,-1,0,60,0,0,false,false,english,,normal,false,false,false,,1730562583000
672649d250538de2c29f5bbc,,36.8,92.93,36.8,59.63,184;0;0;0,time,60,-1,0,60,0,0,false,false,english,,normal,false,false,false,,1730562514000
6726498950538de2c29f5888,,35.3,95.29,35.8,61.33,353;1;0;0,time,120,-1,0,120,0,0,false,false,english,,normal,false,false,false,,1730562441000
6724e8dc50538de2c2911c13,,24.5,87.37,26.1,41.49,245;4;0;0,time,120,-1,0,120.01,7,0,false,false,english,,normal,false,false,false,,1730472156000
6724e76750538de2c291040f,,30.7,89.68,30.7,51.66,307;0;0;0,time,120,-1,0,120.01,0,0,false,false,english,,normal,false,false,false,,1730471783000
6724e6e450538de2c290fb17,,32.3,90.4,34.8,50.43,323;5;0;0,time,120,-1,0,120,1,0,false,false,english,,normal,false,false,false,,1730471652000
6724e65650538de2c290f162,,25.7,83.42,37.6,62.33,257;33;1;0,time,120,-1,0,120,1,0,false,false,english,,normal,false,false,false,,1730471510000
6724e5b950538de2c290e67d,,27.4,89.16,27.4,41.99,274;0;0;0,time,120,-1,0,120,4,0,false,false,english,,normal,false,false,false,,1730471353000
6724e1e350538de2c290a3ac,,34.2,90.31,34.2,58.67,342;0;0;0,time,120,-1,0,120.01,1,0,false,false,english,,normal,false,false,false,,1730470370000
6724e15f50538de2c2909acd,,33,91.4,33,54.93,330;0;0;0,time,120,-1,0,120.01,1,0,false,false,english,,normal,false,false,false,,1730470239000
6724e0b850538de2c2908f5a,,33.5,90.96,33.5,51.35,335;0;0;0,time,120,-1,0,120,1,0,false,false,english,,normal,false,false,false,,1730470072000
6723287950538de2c27d05ba,,30.7,90.12,30.7,52.22,307;0;0;0,time,120,-1,0,120,1,0,false,false,english,,normal,false,false,false,,1730357369000
672327fb50538de2c27d00ec,,34,93.75,34,59.27,340;0;0;0,time,120,-1,0,120,0,0,false,false,english,,normal,false,false,false,,1730357243000
6723277b50538de2c27cfc4f,,35.9,93.83,35.9,58.45,359;0;0;0,time,120,-1,0,120,1,0,false,false,english,,normal,false,false,false,,1730357115000
672326f450538de2c27cf74a,,27.99,89.8,38.79,60.55,70;4;1;0,time,30,-1,0,30.01,1,0,false,false,english,,normal,false,false,false,,1730356980000
672326cc50538de2c27cf5e0,,34.39,91.58,34.79,55.33,86;1;0;0,time,30,-1,0,30.01,1,0,false,false,english,,normal,false,false,false,,1730356940000
6722e83d50538de2c27abad0,,24.79,84.42,24.79,37.15,62;0;0;0,time,30,-1,0,30.01,0,0,false,false,english,,normal,false,false,false,,1730340925000
6720549150538de2c25af336,,33.6,90.53,34.8,46.65,84;1;0;0,time,30,-1,0,30,0,0,false,false,english,,normal,false,false,false,,1730172049000
6720546650538de2c25af1aa,,34.39,91.62,34.39,54.36,172;0;0;0,time,60,-1,0,60.01,0,0,false,false,english,,normal,false,false,false,,1730172006000
6720541b50538de2c25aeeb8,,34.5,91.86,34.7,59.43,345;1;0;0,time,120,-1,0,120.01,0,0,false,false,english,,normal,false,false,false,,1730171931000
671e7bf050538de2c2468457,,31.2,87.88,31.2,58.55,312;0;0;0,time,120,-1,0,120,0,0,false,false,english,,normal,false,false,false,,1730051056000
671e7b5e50538de2c2467e9c,,36.2,93.85,36.2,57.21,362;0;0;0,time,120,-1,0,120,0,0,false,false,english,,normal,false,false,false,,1730050910000
671e7aad50538de2c2467724,,43.17,98.18,43.17,65.99,54;0;0;0,time,15,-1,0,15.01,0,0,false,false,english,,normal,false,false,false,,1730050733000
671e7a9650538de2c2467623,,41.6,94.64,41.6,62.81,52;0;0;0,time,15,-1,0,15,0,0,false,false,english,,normal,false,false,false,,1730050710000
671e7a7350538de2c24674c0,true,43.2,96.43,43.2,75.13,54;0;0;0,time,15,-1,0,15,0,0,false,false,english,,normal,false,false,false,,1730050675000
671e7a5d50538de2c24673c7,,29.59,87.23,29.59,52.22,37;0;0;0,time,15,-1,0,15,0,0,false,false,english,,normal,false,false,false,,1730050653000
671e7a4950538de2c24672f0,,36.78,90.2,36.78,66.39,46;0;0;0,time,15,-1,0,15.01,0,0,false,false,english,,normal,false,false,false,,1730050633000
671e7a3450538de2c2467204,,38.36,94.23,38.36,60.8,48;0;0;0,time,15,-1,0,15.01,0,0,false,false,english,,normal,false,false,false,,1730050612000
671e7a1e50538de2c2467123,true,40.77,96.23,40.77,61.53,51;0;0;0,time,15,-1,0,15.01,0,0,false,false,english,,normal,false,false,false,,1730050590000
671e7a0250538de2c2466fde,true,27.98,81.4,27.98,40.78,35;0;0;0,time,15,-1,0,15.01,0,0,false,false,english,,normal,false,false,false,,1730050562000
671e79d250538de2c2466ddf,true,23.98,80.49,26.38,37.19,30;1;0;0,time,15,-1,0,15.01,0,0,false,false,english,,normal,false,false,false,,1730050514000
671e79b550538de2c2466c95,,35.8,90.1,36,61.68,179;1;0;0,time,60,-1,0,60,0,0,false,false,english,,normal,false,false,false,,1730050485000
671e797250538de2c24669d5,,38.4,92.34,38.4,65.05,192;0;0;0,time,60,-1,0,60.01,0,0,false,false,english,,normal,false,false,false,,1730050418000
671e792d50538de2c246672f,,33.39,90.53,34.59,54.96,167;2;0;0,time,60,-1,0,60.02,0,0,false,false,english,,normal,false,false,false,,1730050349000
671e1d4550538de2c2427384,,40,96.15,40,65.29,200;0;0;0,time,60,-1,0,60,0,0,false,false,english,,normal,false,false,false,,1730026821000
671dd60f50538de2c240156f,,32.99,92.74,32.99,55.71,165;0;0;0,time,60,-1,0,60.01,1,0,false,false,english,,normal,false,false,false,,1730008591000
671dd5a950538de2c240122c,,32,92.18,32,53.26,160;0;0;0,time,60,-1,0,60.01,0,0,false,false,english,,normal,false,false,false,,1730008489000
671dd55a50538de2c2400fb9,,32.19,90,32.19,54.92,161;0;0;0,time,60,-1,0,60.01,1,0,false,false,english,,normal,false,false,false,,1730008410000
671dd50950538de2c2400d1a,,31.59,93.1,31.59,54.79,158;0;0;0,time,60,-1,0,60.02,1,0,false,false,english,,normal,false,false,false,,1730008329000
671dcf5450538de2c23fdfc7,,31.6,88.52,31.6,53.53,158;0;0;0,time,60,-1,0,60.01,0,0,false,false,english,,normal,false,false,false,,1730006868000
671dcf0f50538de2c23fdd8d,,39.2,96.55,39.2,67.14,196;0;0;0,time,60,-1,0,60,1,0,false,false,english,,normal,false,false,false,,1730006799000
671dcec050538de2c23fdb11,,34,90.48,34,55.97,170;0;0;0,time,60,-1,0,60,0,0,false,false,english,,normal,false,false,false,,1730006720000
671d03c650538de2c2399e41,,33.39,89.89,33.39,55.12,167;0;0;0,time,60,-1,0,60.01,0,0,false,false,english,,normal,false,false,false,,1729954758000
671d037750538de2c2399ac0,,26.6,80.81,26.8,43.13,133;1;0;0,time,60,-1,0,60,0,0,false,false,english,,normal,false,false,false,,1729954679000
671d031850538de2c2399643,true,40.39,96.65,40.39,61.68,202;0;0;0,time,60,-1,0,60.01,0,0,false,false,english,,normal,false,false,false,,1729954584000
671d02d350538de2c2399348,,34,92.71,34.8,57.42,170;1;0;0,time,60,-1,0,60.01,0,0,false,false,english,,normal,false,false,false,,1729954515000
671d027950538de2c2398f51,,35.2,95.44,35.2,59.16,352;0;0;0,time,120,-1,0,120.02,3,0,false,false,english,,normal,false,false,false,,1729954425000
671cd26550538de2c2378f87,,26.7,88.54,27.1,45.44,267;1;0;0,time,120,-1,0,120,6,0,false,false,english,,normal,false,false,false,,1729942117000
671cd1da50538de2c2378a58,,36.1,95.28,36.1,60.88,361;0;0;0,time,120,-1,0,120.01,1,0,false,false,english,,normal,false,false,false,,1729941978000
671a601450538de2c21ca6ea,,26.7,86.16,26.7,44.33,267;0;0;0,time,120,-1,0,120.01,5,0,false,false,english,,normal,false,false,false,,1729781780000
671a5f9450538de2c21c9de8,,32.6,92.44,32.6,57.41,326;0;0;0,time,120,-1,0,120.01,0,0,false,false,english,,normal,false,false,false,,1729781652000
671a5f0c50538de2c21c94ba,,30.4,88.99,30.4,52.64,304;0;0;0,time,120,-1,0,120.01,1,0,false,false,english,,normal,false,false,false,,1729781515000
671a5e7350538de2c21c89f0,,32.5,89.56,32.5,58.13,325;0;0;0,time,120,-1,0,120.01,0,0,false,false,english,,normal,false,false,false,,1729781363000
671a5dcb50538de2c21c7dbb,true,36.7,95.87,36.7,63.22,367;0;0;0,time,120,-1,0,120,1,0,false,false,english,,normal,false,false,false,,1729781195000
671a5d4150538de2c21c746b,,34.6,93.83,34.6,60.88,346;0;0;0,time,120,-1,0,120.01,0,0,false,false,english,,normal,false,false,false,,1729781057000
671919f750538de2c20d5f83,,33.8,93.92,33.8,58.54,338;0;0;0,time,120,-1,0,120.01,1,0,false,false,english,,normal,false,false,false,,1729698295000
6719193850538de2c20d5164,,31.2,92.42,31.2,55.5,312;0;0;0,time,120,-1,0,120,0,0,false,false,english,,normal,false,false,false,,1729698104000
6719184250538de2c20d3eea,,34.1,94.02,34.1,57.57,341;0;0;0,time,120,-1,0,120.01,0,0,false,false,english,,normal,false,false,false,,1729697858000
6717dcf150538de2c2fea0ea,,29.1,88.89,29.1,52.75,291;0;0;0,time,120,-1,0,120,3,0,false,false,english,,normal,false,false,false,,1729617137000
6717dc4450538de2c2fe93f2,,32.5,91.57,32.5,59.92,325;0;0;0,time,120,-1,0,120.01,0,0,false,false,english,,normal,false,false,false,,1729616964000
6717dbad50538de2c2fe894f,,29.3,88.46,29.3,48.88,293;0;0;0,time,120,-1,0,120,0,0,false,false,english,,normal,false,false,false,,1729616813000
6717db2750538de2c2fe7f8b,,34.2,93.24,34.2,57.01,342;0;0;0,time,120,-1,0,120.01,1,0,false,false,english,,normal,false,false,false,,1729616679000
6717da7850538de2c2fe7349,,34.4,94.26,34.4,59.9,344;0;0;0,time,120,-1,0,120,0,0,false,false,english,,normal,false,false,false,,1729616504000
6717d9f250538de2c2fe69e2,,31.9,90.83,32.6,55.33,319;0;1;0,time,120,-1,0,120.01,0,0,false,false,english,,normal,false,false,false,,1729616370000
6717d96f50538de2c2fe6029,,31.4,92.38,31.4,53.08,314;0;0;0,time,120,-1,0,120.01,2,0,false,false,english,,normal,false,false,false,,1729616239000
67179bdb50538de2c2fa0180,,30.8,92.04,31.1,55.58,308;1;0;0,time,120,-1,0,120.01,1,0,false,false,english,,normal,false,false,false,,1729600474000
67179b0450538de2c2f9f5aa,true,35.3,96.2,35.3,59.49,353;0;0;0,time,120,-1,0,120.01,2,0,false,false,english,,normal,false,false,false,,1729600260000
67166af750538de2c2ec014d,,31.5,92.73,31.7,53.93,315;2;0;0,time,120,-1,0,120,1,0,false,false,english,,normal,false,false,false,,1729522423000
6716693a50538de2c2ebddb3,,32.4,94.08,32.7,56.97,324;1;0;0,time,120,-1,0,120,1,0,false,false,english,,normal,false,false,false,,1729521978000
6716685950538de2c2ebcc68,,33.5,94.92,33.5,61.9,335;0;0;0,time,120,-1,0,120.01,0,0,false,false,english,,normal,false,false,false,,1729521753000
67152e9dda330b33d226aa3c,,31.4,94.35,31.4,54.97,314;0;0;0,time,120,-1,0,120,1,0,false,false,english,,normal,false,false,false,,1729441437000
6715297fda330b33d2266c8b,,32,95.61,32.5,58.11,320;0;1;0,time,120,-1,0,120.01,1,0,false,false,english,,normal,false,false,false,,1729440127000
67151b3ada330b33d225be62,,33,95.7,33,62.61,330;0;0;0,time,120,-1,0,120,0,0,false,false,english,,normal,false,false,false,,1729436474000
67148556da330b33d22001df,,32.2,93.95,32.2,57.26,322;0;0;0,time,120,-1,0,120.01,2,0,false,false,english,,normal,false,false,false,,1729398102000
6713dcd1da330b33d21ae0c2,,28.9,89.3,28.9,55.36,289;0;0;0,time,120,-1,0,120,0,0,false,false,english,,normal,false,false,false,,1729354961000
6713dc1eda330b33d21ad83e,,31.2,92.94,31.2,55.79,312;0;0;0,time,120,-1,0,120,0,0,false,false,english,,normal,false,false,false,,1729354782000
6713622fda330b33d215f459,,31.6,91.88,31.6,55.47,316;0;0;0,time,120,-1,0,120.01,0,0,false,false,english,,normal,false,false,false,,1729323567000
6705ed503b43e6c05da9a2c0,,26.4,91.75,26.4,55.61,264;0;0;0,time,120,-1,0,120,1,0,false,false,english,,normal,false,false,false,,1728441680000
6704a4d53b43e6c05d995b68,,28.8,90.83,28.8,49.54,288;0;0;0,time,120,-1,0,120.01,2,0,false,false,english,,normal,false,false,false,,1728357589000
6704a4513b43e6c05d99565d,,29.6,92.02,29.9,53.7,296;2;0;0,time,120,-1,0,120.01,0,0,false,false,english,,normal,false,false,false,,1728357457000
6704a3b63b43e6c05d9950e4,,31,92.38,31,53.51,310;0;0;0,time,120,-1,0,120.01,0,0,false,false,english,,normal,false,false,false,,1728357302000
6704a3093b43e6c05d994abe,,30.9,94.01,30.9,58.24,309;0;0;0,time,120,-1,0,120,0,0,false,false,english,,normal,false,false,false,,1728357129000
6704a22e3b43e6c05d99425b,,28,90.82,28.2,48.27,280;1;0;0,time,120,-1,0,120,3,0,false,false,english,,normal,false,false,false,,1728356910000
670360443b43e6c05d89860d,,32,95.01,32,56.94,320;0;0;0,time,120,-1,0,120,0,0,false,false,english,,normal,false,false,false,,1728274500000
6703556c3b43e6c05d8921a7,,29.2,90.61,29.2,49.07,292;0;0;0,time,120,-1,0,120.01,2,0,false,false,english,,normal,false,false,false,,1728271724000
670354c83b43e6c05d891bac,true,34.3,95.04,34.3,58.33,343;0;0;0,time,120,-1,0,120.01,2,0,false,false,english,,normal,false,false,false,,1728271560000
6702c1563b43e6c05d8420ac,,32.4,94.81,32.4,54.79,324;0;0;0,time,120,-1,0,120.01,2,0,false,false,english,,normal,false,false,false,,1728233814000
6702ba6a3b43e6c05d83cb99,,28.8,95.7,28.8,47.34,288;0;0;0,time,120,-1,0,120.01,7,0,false,false,english,,normal,false,false,false,,1728232042000
670223d43b43e6c05d7daa89,,33,96.24,33,53.92,330;0;0;0,time,120,-1,0,120,8,0,false,false,english,,normal,false,false,false,,1728193492000
67021f8b3b43e6c05d7d85a3,,29.8,92.9,29.9,53.56,298;1;0;0,time,120,-1,0,120.01,2,0,false,false,english,,normal,false,false,false,,1728192395000
67021f043b43e6c05d7d80f1,,29.9,91.39,29.9,52.02,299;0;0;0,time,120,-1,0,120.01,1,0,false,false,english,,normal,false,false,false,,1728192260000
67021c783b43e6c05d7d6aff,,30.3,91.15,30.3,54.89,303;0;0;0,time,120,-1,0,120,0,0,false,false,english,,normal,false,false,false,,1728191608000
6702053b3b43e6c05d7cadf3,,28.1,83.87,28.1,46.79,281;0;0;0,time,120,-1,0,120.01,0,0,false,false,english,,normal,false,false,false,,1728185659000
670204403b43e6c05d7ca657,,28.7,89.88,28.9,48.04,287;1;0;0,time,120,-1,0,120.01,1,0,false,false,english,,normal,false,false,false,,1728185408000
6701f6d23b43e6c05d7c4389,,25.4,88.63,25.4,49.35,254;0;0;0,time,120,-1,0,120.01,2,0,false,false,english,,normal,false,false,false,,1728181970000
6701f6533b43e6c05d7c3fd2,,27.1,91.42,27.1,55.2,271;0;0;0,time,120,-1,0,120.02,2,0,false,false,english,,normal,false,false,false,,1728181843000
6701f5c93b43e6c05d7c3ba6,,28.9,91.61,28.9,51.74,289;0;0;0,time,120,-1,0,120,2,0,false,false,english,,normal,false,false,false,,1728181705000
6701f53e3b43e6c05d7c3787,,26.8,87.46,26.8,45.99,268;0;0;0,time,120,-1,0,120.01,2,0,false,false,english,,normal,false,false,false,,1728181566000
6701f4b93b43e6c05d7c33ce,,29.8,87.94,29.8,60.21,298;0;0;0,time,120,-1,0,120.01,1,0,false,false,english,,normal,false,false,false,,1728181433000
6701f4373b43e6c05d7c3016,,28.6,89.72,28.6,50.37,286;0;0;0,time,120,-1,0,120.01,1,0,false,false,english,,normal,false,false,false,,1728181303000
6701f3b33b43e6c05d7c2c3b,,28.9,90.8,28.9,48.68,289;0;0;0,time,120,-1,0,120.01,4,0,false,false,english,,normal,false,false,false,,1728181171000
66ff4a9d3b43e6c05d60d9b5,,23.8,91.73,24.3,49.61,238;2;1;0,time,120,-1,0,120.01,5,0,false,false,english,,normal,false,false,false,,1728006813000
66fecca93b43e6c05d5b4683,,29.3,91.33,29.3,52.64,293;0;0;0,time,120,-1,0,120.01,2,0,false,false,english,,normal,false,false,false,,1727974569000
66fecc1a3b43e6c05d5b3bb4,,27.9,90.13,27.9,51.7,279;0;0;0,time,120,-1,0,120,2,0,false,false,english,,normal,false,false,false,,1727974426000
66fea82a3b43e6c05d5894e5,,30.9,91.81,30.9,55.06,309;0;0;0,time,120,-1,0,120.01,0,0,false,false,english,,normal,false,false,false,,1727965226000
66fea7a63b43e6c05d588b3b,,31,92.11,31,56.91,310;0;0;0,time,120,-1,0,120.01,0,0,false,false,english,,normal,false,false,false,,1727965094000
66fea71e3b43e6c05d588099,,31.8,93.12,32.6,59.34,318;0;1;0,time,120,-1,0,120.01,1,0,false,false,english,,normal,false,false,false,,1727964958000
66fea6943b43e6c05d587663,,30.5,91.28,30.6,53.71,305;1;0;0,time,120,-1,0,120,0,0,false,false,english,,normal,false,false,false,,1727964820000
66fe97ba3b43e6c05d576a1b,,32.6,91.09,32.6,57.86,326;0;0;0,time,120,-1,0,120,1,0,false,false,english,,normal,false,false,false,,1727961018000
66fe972c3b43e6c05d5760c0,,31.8,91.45,31.8,58.82,318;0;0;0,time,120,-1,0,120,1,0,false,false,english,,normal,false,false,false,,1727960876000
66fdfcaa3b43e6c05d5101f9,,30.4,90.8,30.4,52.68,304;0;0;0,time,120,-1,0,120.01,0,0,false,false,english,,normal,false,false,false,,1727921322000
66fd63473b43e6c05d49551d,,31.9,92.53,31.9,54.79,319;0;0;0,time,120,-1,0,120.01,0,0,false,false,english,,normal,false,false,false,,1727882055000
66fcd3d33b43e6c05d41f7bd,,32.6,92.42,32.7,53.82,326;1;0;0,time,120,-1,0,120.01,1,0,false,false,english,,normal,false,false,false,,1727845331000
66fc255f3b43e6c05d3a2b58,,30.6,91.52,30.6,56.21,306;0;0;0,time,120,-1,0,120,1,0,false,false,english,,normal,false,false,false,,1727800671000
66fc24c33b43e6c05d3a1efc,,31,92.6,31.1,56.08,310;1;0;0,time,120,-1,0,120.02,2,0,false,false,english,,normal,false,false,false,,1727800515000
66fc24383b43e6c05d3a14b2,,30.8,93.96,30.8,56.89,308;0;0;0,time,120,-1,0,120,1,0,false,false,english,,normal,false,false,false,,1727800376000
66fc1c913b43e6c05d398109,,30.4,91.69,30.4,55.88,304;0;0;0,time,120,-1,0,120.01,3,0,false,false,english,,normal,false,false,false,,1727798417000
66fc1c0e3b43e6c05d3976ae,,28,90.38,28,47.97,140;0;0;0,time,60,-1,0,60,1,0,false,false,english,,normal,false,false,false,,1727798286000
66fad3af3b43e6c05d29c4d9,,15.2,87.78,15.2,5.7,76;0;0;0,time,60,-1,0,60.01,24,0,false,false,english,,normal,false,false,false,,1727714223000
66fad36c3b43e6c05d29bfe6,,29.8,88.89,29.8,46.64,149;0;0;0,time,60,-1,0,60.01,2,0,false,false,english,,normal,false,false,false,,1727714156000
66fad3143b43e6c05d29b95e,,33,93.85,33,55.71,165;0;0;0,time,60,-1,0,60.01,0,0,false,false,english,,normal,false,false,false,,1727714068000
66facda23b43e6c05d29550d,true,34.8,94.12,34.8,62.46,174;0;0;0,time,60,-1,0,60.01,0,0,false,false,english,,normal,false,false,false,,1727712674000
66facd5b3b43e6c05d294fd2,,30.4,90.06,30.4,56.21,152;0;0;0,time,60,-1,0,60,0,0,false,false,english,,normal,false,false,false,,1727712603000
66faccfd3b43e6c05d2948ad,true,33.4,93.63,33.4,59.43,334;0;0;0,time,120,-1,0,120,2,0,false,false,english,,normal,false,false,false,,1727712508000
66f96ca666c51bbe1465769b,,30,93.77,30,52.02,300;0;0;0,time,120,-1,0,120.01,2,0,false,false,english,,normal,false,false,false,,1727622310000
66f96bf166c51bbe14656d9e,,30,91.46,30,55.31,300;0;0;0,time,120,-1,0,120.01,0,0,false,false,english,,normal,false,false,false,,1727622129000
66f932a566c51bbe1462e714,,30.1,92.92,30.1,52.79,301;0;0;0,time,120,-1,0,120,1,0,false,false,english,,normal,false,false,false,,1727607461000
66f8d8ac66c51bbe145fbaea,,30,93.54,30,55.99,300;0;0;0,time,120,-1,0,120,1,0,false,false,english,,normal,false,false,false,,1727584428000
66f8426766c51bbe145b5759,,29.9,95.56,29.9,53.14,299;0;0;0,time,120,-1,0,120,3,0,false,false,english,,normal,false,false,false,,1727545959000
66f8125a66c51bbe14592749,,28.9,90.12,28.9,52.36,289;0;0;0,time,120,-1,0,120.01,1,0,false,false,english,,normal,false,false,false,,1727533658000
66f8110a66c51bbe14591744,,28.9,88.72,29.4,53.12,289;1;0;0,time,120,-1,0,120.02,0,0,false,false,english,,normal,false,false,false,,1727533322000
66f7738966c51bbe14536c5f,,30.3,91.72,30.9,54.91,303;2;0;0,time,120,-1,0,120,0,0,false,false,english,,normal,false,false,false,,1727493001000
66f7726c66c51bbe1453637a,,30.3,91.76,31,56.5,303;2;0;0,time,120,-1,0,120.01,0,0,false,false,english,,normal,false,false,false,,1727492716000
66f771e266c51bbe14535f45,,29.4,89.88,29.4,54.97,147;0;0;0,time,60,-1,0,60,0,0,false,false,english,,normal,false,false,false,,1727492578000
66f7717166c51bbe14535c26,,27.99,89.74,27.99,47.05,70;0;0;0,time,30,-1,0,30.01,2,0,false,false,english,,normal,false,false,false,,1727492465000
66f7714566c51bbe14535ade,true,36.38,94.79,36.38,64.47,91;0;0;0,time,30,-1,0,30.01,0,0,false,false,english,,normal,false,false,false,,1727492421000
66f6e57d66c51bbe144ddad3,,25.59,84.42,26.39,54.31,64;1;0;0,time,30,-1,0,30.01,0,0,false,false,english,,normal,false,false,false,,1727456637000
66f6e55366c51bbe144dd7fd,,28.9,90.12,28.9,54.05,289;0;0;0,time,120,-1,0,120,0,0,false,false,english,,normal,false,false,false,,1727456595000
66f6e4c966c51bbe144dce5b,true,32.6,92.18,32.6,54.47,163;0;0;0,time,60,-1,0,60,0,0,false,false,english,,normal,false,false,false,,1727456457000
66f6e48266c51bbe144dc96f,,30,91.57,30,54.16,150;0;0;0,time,60,-1,0,60,1,0,false,false,english,,normal,false,false,false,,1727456386000
66f6e43c66c51bbe144dc483,,30.4,91.33,32.2,60.43,152;2;0;0,time,60,-1,0,60.01,0,0,false,false,english,,normal,false,false,false,,1727456316000
66f58d2166c51bbe143d11fe,,28,91.03,28,44.83,140;0;0;0,time,60,-1,0,60.01,2,0,false,false,english,,normal,false,false,false,,1727368481000
66f577ff66c51bbe143b6662,,29.6,90.36,29.6,55.6,148;0;0;0,time,60,-1,0,60,0,0,false,false,english,,normal,false,false,false,,1727363071000
66f577b766c51bbe143b611d,,25.4,88.22,25.6,46.97,254;1;0;0,time,120,-1,0,120,2,0,false,false,english,,normal,false,false,false,,1727362999000
66f5773466c51bbe143b5705,,27.1,87.82,27.1,53.64,271;0;0;0,time,120,-1,0,120.01,1,0,false,false,english,,normal,false,false,false,,1727362868000
66f5619366c51bbe1439af90,,28.2,88.92,28.2,52.31,282;0;0;0,time,120,-1,0,120.01,0,0,false,false,english,,normal,false,false,false,,1727357331000
66f449bd66c51bbe142d6396,,25,87.89,25,46.17,250;0;0;0,time,120,-1,0,120,2,0,false,false,english,,normal,false,false,false,,1727285693000
66f4493a66c51bbe142d59e0,,30.4,91.32,30.4,56.48,304;0;0;0,time,120,-1,0,120.01,0,0,false,false,english,,normal,false,false,false,,1727285562000
66f448b466c51bbe142d50b8,,28.2,87.73,28.5,46.99,282;2;0;0,time,120,-1,0,120.02,0,0,false,false,english,,normal,false,false,false,,1727285428000
66f4483366c51bbe142d4752,,24.8,88.01,24.8,43.66,248;0;0;0,time,120,-1,0,120.01,1,0,false,false,english,,normal,false,false,false,,1727285299000
66f447a866c51bbe142d3d72,,24.5,90.71,25,37.57,245;1;0;0,time,120,-1,0,120.01,13,0,false,false,english,,normal,false,false,false,,1727285160000
66f442fe66c51bbe142ce21e,true,31.19,92.44,31.19,52.64,156;0;0;0,time,60,-1,0,60.01,0,0,false,false,english,,normal,false,false,false,,1727283966000
66f2ed4666c51bbe141bb934,,25.3,88.97,25.3,48.18,253;0;0;0,time,120,-1,0,120.01,3,0,false,false,english,,normal,false,false,false,,1727196486000
66f2e92766c51bbe141b654b,,29,90.18,29,54.68,290;0;0;0,time,120,-1,0,120,0,0,false,false,english,,normal,false,false,false,,1727195431000
66f2e8a466c51bbe141b5b5c,,27.2,88.46,28,54.98,68;1;0;0,time,30,-1,0,30.01,1,0,false,false,english,,normal,false,false,false,,1727195300000
66f2e87b66c51bbe141b5859,true,30.4,90.91,32.8,57.88,76;0;2;0,time,30,-1,0,30,0,0,false,false,english,,normal,false,false,false,,1727195259000
66f2e85266c51bbe141b5538,true,25.2,81.01,25.2,54.61,63;0;0;0,time,30,-1,0,30,0,0,false,false,english,,normal,false,false,false,,1727195218000
66f2e82766c51bbe141b51eb,,28.4,89.09,28.4,56.19,142;0;0;0,time,60,-1,0,60,0,0,false,false,english,,normal,false,false,false,,1727195175000
66f2e7da66c51bbe141b4c23,,29.59,88.3,30.39,55.74,148;2;0;0,time,60,-1,0,60.01,0,0,false,false,english,,normal,false,false,false,,1727195098000
66f2e78b66c51bbe141b4609,true,30.59,91.28,30.59,64.28,153;0;0;0,time,60,-1,0,60.01,0,0,false,false,english,,normal,false,false,false,,1727195019000
66f2e73966c51bbe141b3fce,,24.6,87.5,24.6,50.1,123;0;0;0,time,60,-1,0,60.01,2,0,false,false,english,,normal,false,false,false,,1727194937000
66f2e6ec66c51bbe141b39b9,,28.1,92.28,28.5,54.81,281;1;0;0,time,120,-1,0,120,0,0,false,false,english,,normal,false,false,false,,1727194860000
66f2e65d66c51bbe141b2ee5,,27.5,92.16,27.5,50.79,275;0;0;0,time,120,-1,0,120.02,1,0,false,false,english,,normal,false,false,false,,1727194717000
66f199b466c51bbe140aace9,,27.2,85.85,27.2,53.17,272;0;0;0,time,120,-1,0,120.01,0,0,false,false,english,,normal,false,false,false,,1727109556000
66f18ed666c51bbe1409de3a,,25.8,90.2,25.8,50.19,258;0;0;0,time,120,-1,0,120,1,0,false,false,english,,normal,false,false,false,,1727106774000
66f18e4466c51bbe1409d37e,,26.5,87.5,26.5,48.43,265;0;0;0,time,120,-1,0,120.01,2,0,false,false,english,,normal,false,false,false,,1727106628000
66f18d7466c51bbe1409c3da,,27.4,90.58,27.4,42.12,274;0;0;0,time,120,-1,0,120.01,4,0,false,false,english,,normal,false,false,false,,1727106420000
66f18ce066c51bbe1409b8cc,,30.1,90.53,30.4,54,301;2;0;0,time,120,-1,0,120.01,0,0,false,false,english,,normal,false,false,false,,1727106272000
66f18c0166c51bbe1409a7bb,true,30.6,93.64,30.6,55.21,306;0;0;0,time,120,-1,0,120,1,0,false,false,english,,normal,false,false,false,,1727106049000
66f0127666c51bbe14f970fb,true,29.9,93.21,29.9,57.38,299;0;0;0,time,120,-1,0,120,1,0,false,false,english,,normal,false,false,false,,1727009398000
66f011d266c51bbe14f96999,,26.7,90.4,26.7,48.83,267;0;0;0,time,120,-1,0,120,3,0,false,false,english,,normal,false,false,false,,1727009234000
66f0115266c51bbe14f96415,,23.8,87.36,23.8,42.22,238;0;0;0,time,120,-1,0,120,8,0,false,false,english,,normal,false,false,false,,1727009106000
66f00d4b66c51bbe14f93789,,28,93.38,28,46.86,280;0;0;0,time,120,-1,0,120.01,4,0,false,false,english,,normal,false,false,false,,1727008075000
66ef99eb66c51bbe14f509ca,,24.2,90.48,24.4,34.98,242;1;0;0,time,120,-1,0,120.01,17,0,false,false,english,,normal,false,false,false,,1726978539000
66ef991b66c51bbe14f502e8,true,28.2,91.62,28.2,50.48,621;0;0;0,words,120,-1,0,264.22,1,0,false,false,english,,normal,false,false,false,,1726978331000
66ee636c66c51bbe14ea13e5,,28.9,90.52,28.9,49.54,289;0;0;0,time,120,-1,0,120.01,2,0,false,false,english,,normal,false,false,false,,1726899052000
66edace766c51bbe14e340ef,,25.9,87.5,25.9,47.45,259;0;0;0,time,120,-1,0,120.01,2,0,false,false,english,,normal,false,false,false,,1726852327000
66eda9b166c51bbe14e30775,,27.7,90.94,27.7,52.6,277;0;0;0,time,120,-1,0,120.01,1,0,false,false,english,,normal,false,false,false,,1726851505000
66eda92b66c51bbe14e2fe24,,25.8,87.75,26.2,44.5,258;1;0;0,time,120,-1,0,120.01,2,0,false,false,english,,normal,false,false,false,,1726851371000
66ec584566c51bbe14d2a9b9,,27,91.09,27,48.5,270;0;0;0,time,120,-1,0,120.02,0,0,false,false,english,,normal,false,false,false,,1726765125000
66e966759f671a0853e6f870,true,29.7,93.48,30,54.42,297;1;0;0,time,120,-1,0,120.01,1,0,false,false,english,,normal,false,false,false,,1726572149000
66e68b62b6e6096ba3a3e1d1,,21.1,83.08,21.1,48.31,211;0;0;0,time,120,-1,0,120.01,0,0,false,false,english,,normal,false,false,false,,1726384994000
66e68ac2b6e6096ba3a3dcb0,,22.5,84.67,22.8,41.24,225;1;0;0,time,120,-1,0,120.02,4,0,false,false,english,,normal,false,false,false,,1726384834000
66e68a1ab6e6096ba3a3d6e1,,25.8,87,25.9,50.83,258;1;0;0,time,120,-1,0,120.02,0,0,false,false,english,,normal,false,false,false,,1726384666000
66e50fcbb6e6096ba39715c7,,25.1,87.5,25.7,48.34,251;1;0;1,time,120,-1,0,120.01,2,0,false,false,english,,normal,false,false,false,,1726287819000
66e50e8db6e6096ba3970bb8,,27.2,92.36,27.2,49.68,272;0;0;0,time,120,-1,0,120.01,2,0,false,false,english,,normal,false,false,false,,1726287501000
66e2ff3b7bdc8e96ca5d905c,true,29.2,92.79,29.4,49.07,292;1;0;0,time,120,-1,0,120.02,2,0,false,false,english,,normal,false,false,false,,1726152507000
66e2e9917bdc8e96ca5bfb94,,21.3,82.26,21.3,46.31,213;0;0;0,time,120,-1,0,120.01,1,0,false,false,english,,normal,false,false,false,,1726146961000
66e2e90f7bdc8e96ca5bf25c,,23.1,86.76,23.1,45.64,231;0;0;0,time,120,-1,0,120.01,3,0,false,false,english,,normal,false,false,false,,1726146831000
66deff16c869d903c6d3969d,true,26.1,90.44,26.1,45.3,261;0;0;0,time,120,-1,0,120.02,5,0,false,false,english,,normal,false,false,false,,1725890326000
66dd1256191dd07a198eac62,,23.9,92.66,23.9,37.48,239;0;0;0,time,120,-1,0,120.01,14,0,false,false,english,,normal,false,false,false,,1725764182000
66dc7ade191dd07a198a2a8e,,20.2,85.37,20.2,37.87,202;0;0;0,time,120,-1,0,120.01,3,0,false,false,english,,normal,false,false,false,,1725725406000
66dc76b2191dd07a1989fb5d,,25.5,91.67,26,47.88,255;1;0;0,time,120,-1,0,120.01,3,0,false,false,english,,normal,false,false,false,,1725724338000
66dc762d191dd07a1989f550,,21.7,87.11,21.7,41.96,217;0;0;0,time,120,-1,0,120.01,3,0,false,false,english,,normal,false,false,false,,1725724205000
66c1f46b91888c3435e222f6,,22.8,88.43,22.8,41.44,228;0;0;0,time,120,-1,0,120.01,4,0,false,false,english,,normal,false,false,false,,1723987051000
66c169dd91888c3435dda8dc,,24.2,92.16,24.2,48.2,242;0;0;0,time,120,-1,0,120.01,2,0,false,false,english,,normal,false,false,false,,1723951581000
66ba15f824029c3abd7b0b69,,24.5,91.48,24.5,44.8,245;0;0;0,time,120,-1,0,120.01,2,0,false,false,english,,normal,false,false,false,,1723471352000
66b2486451009ca6b5cdcc1a,true,25.9,93.86,25.9,50.45,259;0;0;0,time,120,-1,0,120.01,2,0,false,false,english,,normal,false,false,false,,1722959972000
669e8c787ad1c2217ed04f2f,,19.8,89.13,19.8,41.37,198;0;0;0,time,120,-1,0,120.02,7,0,false,false,english,,normal,false,false,false,,1721666680000
669e8b437ad1c2217ed04279,,22.4,90.84,22.4,45.68,224;0;0;0,time,120,-1,0,120.02,6,0,false,false,english,,normal,false,false,false,,1721666371000
669e8ab27ad1c2217ed03c8a,,23.3,92.83,23.3,39.31,233;0;0;0,time,120,-1,0,120.02,8,0,false,false,english,,normal,false,false,false,,1721666226000
669d300782df16123dd41d0a,,20.7,89.79,20.7,39.82,207;0;0;0,time,120,-1,0,120.02,3,0,false,false,english,,normal,false,false,false,,1721577479000
669d1b7e82df16123dd357bc,,22.8,92.09,22.8,44.17,228;0;0;0,time,120,-1,0,120.01,3,0,false,false,english,,normal,false,false,false,,1721572222000
669d1abb82df16123dd350e3,,19.7,91.23,20.3,42.46,197;1;0;0,time,120,-1,0,120.02,7,0,false,false,english,,normal,false,false,false,,1721572027000
669bcb5682df16123dca190a,,18.5,89.39,23.3,40.89,185;9;0;0,time,120,-1,0,120.02,11,0,false,false,english,,normal,false,false,false,,1721486166000
6693eef5c245cfb7568ad8a0,,19.8,86.18,22,39.08,198;5;0;0,time,120,-1,0,120.01,7,0,false,false,english,,normal,false,false,false,,1720970997000
6693ec09c245cfb7568abea3,,21.9,90.65,21.9,45,219;0;0;0,time,120,-1,0,120.02,2,0,false,false,english,,normal,false,false,false,,1720970249000
6691ece09b66a9bab091b3b8,,14.9,82.14,15,27.33,149;1;0;0,time,120,-1,0,120.01,13,0,false,false,english,,normal,false,false,false,,1720839392000
6691ec529b66a9bab091b0bc,,21.8,86.15,21.8,46.11,218;0;0;0,time,120,-1,0,120.02,2,0,false,false,english,,normal,false,false,false,,1720839250000
6691eb909b66a9bab091ac80,true,25.3,93.73,25.3,54.5,253;0;0;0,time,120,-1,0,120.01,1,0,false,false,english,,normal,false,false,false,,1720839056000
66909d779b66a9bab08715af,,20.5,86.89,20.8,44.53,205;1;0;0,time,120,-1,0,120.01,1,0,false,false,english,,normal,false,false,false,,1720753527000
668f55889b66a9bab07c49de,,22.1,89.92,22.1,46.89,221;0;0;0,time,120,-1,0,120.01,3,0,false,false,english,,normal,false,false,false,,1720669576000
668f4f589b66a9bab07c1e7d,,21.3,88.52,21.3,41.13,213;0;0;0,time,120,-1,0,120.02,5,0,false,false,english,,normal,false,false,false,,1720667992000
668ca5a28fe0103e5f82c5e8,,19.5,84.91,19.5,42.55,195;0;0;0,time,120,-1,0,120.01,5,0,false,false,english,,normal,false,false,false,,1720493474000
668ca5148fe0103e5f82c22d,,21,89.83,21,40.92,210;0;0;0,time,120,-1,0,120.01,5,0,false,false,english,,normal,false,false,false,,1720493332000
668b4ffe8fe0103e5f775479,,20.4,88.19,20.4,41.32,204;0;0;0,time,120,-1,0,120.01,5,0,false,false,english,,normal,false,false,false,,1720406014000
668b4dda8fe0103e5f7745e2,,21.5,92.08,21.5,40.49,215;0;0;0,time,120,-1,0,120.01,3,0,false,false,english,,normal,false,false,false,,1720405466000
668ab9798fe0103e5f7348d2,,22.6,88.67,22.6,44.45,226;0;0;0,time,120,-1,0,120.01,5,0,false,false,english,,normal,false,false,false,,1720367481000
668ab8d78fe0103e5f7342e6,true,26.4,94.37,26.4,43.07,132;0;0;0,time,60,-1,0,60.01,3,0,false,false,english,,normal,false,false,false,,1720367319000
668ab8698fe0103e5f733ea5,true,24.8,92.91,24.8,48.51,248;0;0;0,time,120,-1,0,120.01,2,0,false,false,english,,normal,false,false,false,,1720367209000
668ab1818fe0103e5f72fef0,,21.2,91.49,21.2,37.8,212;0;0;0,time,120,-1,0,120.01,7,0,false,false,english,,normal,false,false,false,,1720365441000
668ab0db8fe0103e5f72f8b0,,22.4,88.63,22.4,47.69,224;0;0;0,time,120,-1,0,120.02,2,0,false,false,english,,normal,false,false,false,,1720365275000
668aaf8e8fe0103e5f72ec3f,,22.5,93.75,22.5,39.83,225;0;0;0,time,120,-1,0,120.02,13,0,false,false,english,,normal,false,false,false,,1720364942000
6689fc3d8fe0103e5f6db1d2,,17.9,87.26,17.9,43.76,179;0;0;0,time,120,-1,0,120.01,4,0,false,false,english,,normal,false,false,false,,1720319037000
6689fb288fe0103e5f6dabbd,,22.8,93.12,22.8,43.69,228;0;0;0,time,120,-1,0,120.02,5,0,false,false,english,,normal,false,false,false,,1720318760000
6688b0908fe0103e5f64a9f1,true,17.75,85.61,17.9,33.87,355;0;0;6,time,240,-1,0,240.01,19,0,false,false,english,,normal,false,false,false,,1720234128000
66875d7782c1af7317cfb4e7,,21.8,89.8,21.8,40.56,218;0;0;0,time,120,-1,0,120.02,7,0,false,false,english,,normal,false,false,false,,1720147319000
66875cc382c1af7317cfb0a2,true,23.3,95.9,23.3,47.81,233;0;0;0,time,120,-1,0,120.02,5,0,false,false,english,,normal,false,false,false,,1720147139000
6686d5d082c1af7317cc3f39,,15.7,80.6,15.7,33.92,157;0;0;0,time,120,-1,0,120.01,5,0,false,false,english,,normal,false,false,false,,1720112592000
6686d53382c1af7317cc399f,,18.7,88.02,18.7,37.34,187;0;0;0,time,120,-1,0,120.01,6,0,false,false,english,,normal,false,false,false,,1720112435000
6686befa2bf96eebd6ef96a3,,15.4,78.61,15.4,23.15,154;0;0;0,time,120,-1,0,120.01,11,0,false,false,english,,normal,false,false,false,,1720106746000
6686bd722bf96eebd6ef8658,,20.1,89.22,20.1,42.18,201;0;0;0,time,120,-1,0,120.02,5,0,false,false,english,,normal,false,false,false,,1720106354000
6686bcd72bf96eebd6ef7ff3,,20.8,91.81,20.8,44.07,208;0;0;0,time,120,-1,0,120.01,3,0,false,false,english,,normal,false,false,false,,1720106199000
6686bc452bf96eebd6ef7a03,,18.3,86.04,19.2,34.61,183;2;0;0,time,120,-1,0,120.01,11,0,false,false,english,,normal,false,false,false,,1720106053000
6686bba92bf96eebd6ef734e,,20.8,92.17,20.8,44.44,208;0;0;0,time,120,-1,0,120.02,4,0,false,false,english,,normal,false,false,false,,1720105897000
6686ba6f2bf96eebd6ef65a6,true,23.1,96.25,23.1,41.17,231;0;0;0,time,120,-1,0,120.01,14,0,false,false,english,,normal,false,false,false,,1720105583000
668618e82bf96eebd6e9af23,true,19.7,86.7,20.1,42.21,197;1;0;0,time,120,-1,0,120.01,9,0,false,false,english,,normal,false,false,false,,1720064232000
668618192bf96eebd6e9a91b,true,19.4,87.84,19.4,40.47,194;0;0;0,time,120,-1,0,120.01,8,0,false,false,english,,normal,false,false,false,,1720064025000
668617752bf96eebd6e9a497,,16.3,83,16.6,33.13,163;1;1;0,time,120,-1,0,120.02,10,0,false,false,english,,normal,false,false,false,,1720063861000
66842c0471cb2c5f00c998f5,,15.7,80.2,15.8,34.3,157;1;0;0,time,120,-1,0,120,10,0,false,false,english,,normal,false,false,false,,1719938052000
6684295f71cb2c5f00c97d42,,17.5,86.41,17.5,36.24,175;0;0;0,time,120,-1,0,120.02,7,0,false,false,english,,normal,false,false,false,,1719937374000
668428da71cb2c5f00c97810,,15.8,86.63,16.3,26.63,158;1;0;0,time,120,-1,0,120.02,20,0,false,false,english,,normal,false,false,false,,1719937242000
6684284871cb2c5f00c97253,,15.3,85.34,15.9,31.86,153;1;0;0,time,120,-1,0,120.02,9,0,false,false,english,,normal,false,false,false,,1719937096000
668427bf71cb2c5f00c96cce,,18.8,93.53,18.8,46.14,188;0;0;0,time,120,-1,0,120.02,5,0,false,false,english,,normal,false,false,false,,1719936959000
6684272671cb2c5f00c96655,true,19,94.12,19.2,38.47,190;2;0;0,time,120,-1,0,120.02,10,0,false,false,english,,normal,false,false,false,,1719936806000
6683fb1971cb2c5f00c76ade,,17.2,89.57,17.2,34.77,344;0;0;0,time,240,-1,0,240.01,26,0,false,false,english,,normal,false,false,false,,1719925529000
6683fa0871cb2c5f00c75fe6,true,17.65,87.99,17.7,39.82,353;1;0;0,time,240,-1,0,240.02,17,0,false,false,english,,normal,false,false,false,,1719925256000